,Average Loss,Average Trade,Average Win,Avg Days in Trade,Best Trade,Max Drawdown,Max Drawdown Duration,Sharpe Ratio,Total Returns,Trade Winning,Trades,Worst Trade,Worst Trade Date,m,n,window
73,-3.55%,1.71%,4.93%,0 days 19:15:00.000000000,21.72%,77.83097757833146,779,3.970722568830781,16.701660710000006,62%,100,-9.34%,0 days 12:00:00.000000000,12,12,12
67,-3.71%,2.29%,7.24%,1 days 01:10:41.000000000,30.70%,60.54407780654058,719,4.20601336923563,14.505712089999998,55%,73,-13.44%,1 days 07:00:00.000000000,45,5,12
70,-2.63%,2.02%,5.65%,1 days 00:41:55.000000000,23.69%,50.69988152379009,1254,4.4453545735954,14.266172620000015,56%,73,-7.42%,0 days 05:00:00.000000000,120,5,12
68,-3.99%,2.17%,5.94%,1 days 01:26:12.000000000,29.97%,43.35614025783162,719,4.195248087103801,13.122044500000001,62%,71,-13.03%,0 days 23:00:00.000000000,60,5,12
66,-3.26%,1.54%,4.98%,0 days 21:11:52.000000000,27.96%,82.17913469560278,1069,3.571514466231231,13.11026030000002,58%,91,-8.49%,0 days 16:00:00.000000000,26,5,12
79,-3.19%,2.46%,6.23%,1 days 05:36:00.000000000,22.43%,34.51669238164372,763,4.66135582436545,12.795999410000004,60%,60,-9.09%,0 days 19:00:00.000000000,252,12,12
78,-3.63%,2.21%,7.14%,1 days 06:46:47.000000000,27.43%,39.368877365234546,763,4.155090666724022,11.813109960000002,54%,59,-10.26%,0 days 14:00:00.000000000,120,12,12
69,-2.76%,1.86%,6.62%,1 days 01:48:10.000000000,23.69%,49.47679469980733,962,3.9005951587589647,11.7375804,49%,71,-10.76%,0 days 05:00:00.000000000,96,5,12
74,-5.01%,1.88%,7.35%,1 days 03:35:09.000000000,23.88%,58.99549716500305,2039,3.7716728842626885,11.36825192,56%,70,-19.30%,1 days 19:00:00.000000000,26,12,12
113,-4.43%,1.99%,6.22%,1 days 03:37:04.000000000,23.08%,73.86493735029535,611,3.739830452342251,11.217952839999993,60%,68,-18.04%,1 days 21:00:00.000000000,12,120,12
206,-6.96%,6.05%,12.06%,3 days 18:09:28.000000000,21.37%,47.87786099985136,1686,4.498315352794331,10.529402369999998,68%,19,-11.16%,8 days 06:00:00.000000000,120,12,45
77,-3.96%,2.09%,6.82%,1 days 08:16:51.000000000,20.87%,47.70421515223309,763,3.7126550959023445,10.512835240000012,56%,57,-13.08%,0 days 12:00:00.000000000,96,12,12
72,-3.43%,1.08%,4.76%,0 days 16:28:28.000000000,25.72%,96.30933222309372,630,2.8183257472678345,9.834571350000017,55%,118,-22.25%,0 days 19:00:00.000000000,5,12,12
232,-5.83%,4.65%,15.12%,3 days 04:50:00.000000000,27.36%,59.167600319091804,2039,4.080244081747205,9.524391800000007,50%,24,-12.44%,3 days 15:00:00.000000000,5,96,45
61,-4.23%,2.98%,9.44%,2 days 00:38:20.000000000,39.29%,54.093121580612305,1015,3.6201398258286157,9.014339480000006,53%,36,-9.65%,1 days 11:00:00.000000000,96,252,5
198,-5.78%,4.74%,10.75%,3 days 05:35:27.000000000,23.41%,57.746053923849026,1686,3.959594356022142,8.982976840000001,64%,22,-10.32%,3 days 04:00:00.000000000,120,5,45
234,-10.97%,6.30%,14.16%,4 days 18:15:00.000000000,22.67%,57.08355822087966,2017,3.9624491932912576,8.975387190000001,69%,16,-24.14%,3 days 22:00:00.000000000,26,96,45
314,-6.97%,6.72%,18.70%,4 days 20:20:00.000000000,36.50%,52.618050018088255,1686,3.51008456623626,8.952050740000008,53%,15,-10.67%,0 days 15:00:00.000000000,26,252,60
112,-3.01%,1.35%,5.62%,0 days 21:02:01.000000000,24.01%,64.32433008340315,809,3.4333393227385387,8.902627430000004,51%,89,-12.18%,1 days 19:00:00.000000000,5,120,12
233,-7.58%,5.11%,13.56%,3 days 20:21:00.000000000,27.19%,60.70054898468415,2039,4.0011228417932845,8.88430302,60%,20,-14.41%,3 days 13:00:00.000000000,12,96,45
315,-7.56%,7.37%,22.29%,5 days 03:25:43.000000000,34.19%,47.79446542268102,1055,3.8524706452440456,8.737161930000008,50%,14,-12.75%,4 days 12:00:00.000000000,45,252,60
75,-4.29%,2.01%,8.75%,1 days 06:43:00.000000000,36.85%,48.87028581047268,1002,3.4820378198287543,8.702189700000003,48%,60,-12.79%,1 days 02:00:00.000000000,45,12,12
121,-4.31%,1.70%,5.51%,1 days 03:09:51.000000000,28.04%,53.207771578278226,2509,4.071411151917734,8.67534222000001,61%,67,-14.97%,0 days 07:00:00.000000000,12,252,12
252,-6.97%,6.53%,18.35%,4 days 21:28:00.000000000,28.04%,56.12181939987225,1001,3.3868277621279677,8.632399160000004,53%,15,-10.64%,1 days 15:00:00.000000000,60,252,45
76,-4.02%,1.69%,5.94%,1 days 05:45:15.000000000,25.73%,35.63931519295512,763,3.7999983930750396,8.504663800000003,57%,61,-14.54%,0 days 23:00:00.000000000,60,12,12
241,-10.80%,5.41%,12.90%,3 days 20:34:44.000000000,25.37%,56.402809514595795,2017,4.027674868558876,8.280718579999997,68%,19,-28.26%,3 days 14:00:00.000000000,12,120,45
313,-4.97%,5.78%,21.13%,4 days 07:00:00.000000000,42.23%,56.91273008859999,1686,3.4027058385214994,8.279137839999997,41%,17,-8.00%,0 days 18:00:00.000000000,12,252,60
262,-10.86%,4.62%,12.95%,3 days 16:30:00.000000000,32.72%,67.59492497726772,2017,3.8998363379972436,8.197001610000003,65%,20,-22.86%,3 days 04:00:00.000000000,120,5,60
260,-7.41%,3.34%,8.71%,2 days 12:28:00.000000000,26.71%,58.77631655899259,1686,3.522426272195431,8.18522957,67%,30,-29.36%,3 days 10:00:00.000000000,60,5,60
269,-6.68%,4.87%,13.26%,3 days 21:34:44.000000000,18.89%,66.71406181931472,2017,3.856971418890939,8.092347239999995,58%,19,-12.75%,3 days 15:00:00.000000000,96,12,60
268,-5.12%,4.08%,11.87%,3 days 04:05:00.000000000,20.97%,69.2072167887591,2055,3.7063372899020672,8.063754879999998,54%,24,-10.85%,4 days 04:00:00.000000000,60,12,60
125,-4.26%,3.71%,9.56%,2 days 19:36:55.000000000,41.77%,48.983260555108366,726,3.8057189357460017,8.060850579999997,58%,26,-11.72%,2 days 17:00:00.000000000,96,252,12
171,-5.43%,4.18%,12.19%,3 days 11:13:38.000000000,30.86%,56.01194645239038,2017,3.7783425530490895,8.039490230000002,55%,22,-16.01%,4 days 02:00:00.000000000,45,96,26
249,-4.55%,4.44%,13.42%,3 days 18:09:00.000000000,30.59%,53.983749887970255,1055,3.433007705029478,7.793897809999995,50%,20,-7.13%,2 days 00:00:00.000000000,12,252,45
205,-6.50%,3.70%,9.52%,3 days 06:57:16.000000000,21.25%,52.20794049390989,1686,3.531085029192228,7.669447489999998,64%,22,-22.26%,3 days 11:00:00.000000000,96,12,45
272,-5.38%,2.31%,7.24%,1 days 20:32:12.000000000,24.34%,52.89743545116238,1686,3.5648490922635263,7.658699260000006,61%,41,-23.45%,3 days 05:00:00.000000000,5,26,60
261,-7.37%,4.26%,12.01%,3 days 16:51:00.000000000,19.76%,67.22094241104391,2017,3.706152124025025,7.6423223700000005,60%,20,-11.74%,3 days 09:00:00.000000000,96,5,60
251,-5.75%,5.82%,19.05%,4 days 22:08:00.000000000,28.60%,62.01561950851146,991,3.2256206176150592,7.614194329999997,47%,15,-11.03%,1 days 15:00:00.000000000,45,252,45
270,-11.25%,5.62%,13.28%,4 days 14:26:15.000000000,29.58%,64.93117719867685,2017,3.8250686479440446,7.5656138099999986,69%,16,-20.34%,3 days 04:00:00.000000000,120,12,60
213,-8.37%,4.07%,9.04%,3 days 11:51:26.000000000,18.47%,64.80519171759744,2017,3.743190533209987,7.46356653,71%,21,-14.79%,2 days 06:00:00.000000000,96,26,45
214,-8.22%,4.59%,11.00%,4 days 01:36:40.000000000,17.47%,66.4869001316878,2017,3.595704915944144,7.301475089999997,67%,18,-15.60%,3 days 16:00:00.000000000,120,26,45
99,-5.43%,2.44%,9.91%,2 days 00:29:14.000000000,30.42%,47.00579846444293,1686,3.7173059637376222,7.222151829999996,51%,39,-24.34%,4 days 07:00:00.000000000,45,60,12
322,-7.71%,3.05%,9.13%,2 days 01:03:20.000000000,33.58%,68.87085959408665,2509,3.5865546385706395,7.1583276600000065,64%,36,-17.77%,4 days 06:00:00.000000000,26,5,96
259,-7.01%,3.08%,8.92%,2 days 14:48:00.000000000,24.63%,64.82805830152971,2276,3.3763772460793238,7.1476964199999955,63%,30,-20.75%,3 days 05:00:00.000000000,45,5,60
59,-3.80%,1.82%,6.44%,1 days 11:57:39.000000000,26.00%,42.237179179002005,2006,3.7447486447475002,7.097056589999992,55%,51,-11.18%,0 days 16:00:00.000000000,45,252,5
330,-8.52%,2.90%,8.88%,2 days 07:11:15.000000000,33.21%,59.91175789134275,2276,3.720072657897805,7.082954209999995,66%,32,-18.43%,4 days 05:00:00.000000000,26,12,96
218,-5.25%,2.72%,10.69%,2 days 15:20:00.000000000,22.66%,57.244204774593086,2276,3.3877335098309285,7.077489490000007,50%,30,-22.10%,4 days 00:00:00.000000000,26,45,45
165,-6.12%,3.58%,9.13%,3 days 10:05:27.000000000,25.51%,61.820701691576794,1686,3.2264216146908598,7.064867450000001,64%,22,-13.16%,3 days 12:00:00.000000000,96,60,26
197,-5.85%,2.42%,8.25%,2 days 13:14:29.000000000,19.15%,58.56707211204403,1686,3.405069850501853,6.852219570000003,59%,29,-28.68%,3 days 11:00:00.000000000,96,5,45
127,-5.02%,5.21%,18.84%,5 days 06:04:17.000000000,29.70%,49.6975249328346,940,3.5599488713577734,6.836760629999999,43%,14,-17.70%,4 days 19:00:00.000000000,252,252,12
189,-6.63%,5.35%,17.34%,4 days 11:52:30.000000000,33.94%,62.970311189292794,1078,3.196829220933109,6.799850599999994,50%,16,-12.87%,5 days 16:00:00.000000000,96,252,26
190,-7.85%,6.26%,16.85%,5 days 01:38:34.000000000,30.32%,54.46661582272411,2735,3.484558787196298,6.722935799999999,57%,14,-9.77%,5 days 12:00:00.000000000,120,252,26
107,-3.67%,2.53%,9.06%,1 days 23:25:57.000000000,24.01%,43.91928062166829,1859,3.5620363872090035,6.717316729999996,49%,37,-11.16%,1 days 01:00:00.000000000,45,96,12
81,-5.15%,1.60%,7.36%,1 days 07:00:57.000000000,31.10%,67.75506623836566,2509,3.0654331528101473,6.465147709999999,54%,63,-19.58%,1 days 16:00:00.000000000,12,26,12
316,-9.42%,5.87%,15.43%,5 days 13:09:14.000000000,33.34%,51.25066140054939,940,3.514417397950064,6.412169830000004,62%,13,-14.29%,6 days 09:00:00.000000000,60,252,60
158,-7.20%,3.51%,10.09%,3 days 10:28:34.000000000,23.13%,61.90397774251045,1686,3.3885037767978776,6.407293070000001,62%,21,-28.12%,2 days 22:00:00.000000000,120,45,26
266,-3.67%,2.24%,7.57%,2 days 00:20:32.000000000,26.24%,56.835314399720495,1686,3.3169399220328266,6.375037400000001,53%,38,-16.46%,3 days 08:00:00.000000000,26,12,60
258,-3.98%,1.81%,8.31%,1 days 11:49:25.000000000,22.04%,59.33142533853254,1686,2.87900753688519,6.3567358400000025,47%,51,-16.22%,3 days 08:00:00.000000000,26,5,60
22,-3.88%,1.45%,6.79%,1 days 06:33:00.000000000,24.85%,45.96808242740508,2276,3.782658951964373,6.327453230000001,50%,60,-13.01%,1 days 18:00:00.000000000,120,26,5
329,-7.33%,2.22%,6.83%,1 days 17:04:11.000000000,32.42%,71.20329460181365,2509,3.4123822048570176,6.299504069999994,67%,43,-17.13%,4 days 05:00:00.000000000,12,12,96
188,-5.81%,3.54%,12.89%,3 days 11:05:27.000000000,28.87%,52.04839265690258,1686,3.301695065308365,6.272116510000006,50%,22,-10.44%,0 days 18:00:00.000000000,60,252,26
202,-8.21%,2.68%,8.57%,2 days 03:45:24.000000000,38.95%,58.235219718259714,1686,3.2464136891897417,6.139684139999992,65%,37,-32.54%,4 days 11:00:00.000000000,26,12,45
166,-8.85%,4.02%,10.45%,4 days 04:26:40.000000000,19.28%,68.38366969988887,2017,3.295214371506272,6.077360140000001,67%,18,-19.81%,3 days 08:00:00.000000000,120,60,26
44,-3.63%,1.62%,7.12%,1 days 15:42:40.000000000,21.28%,74.23180077848977,1859,2.87871478774856,5.991841449999992,49%,45,-11.39%,1 days 05:00:00.000000000,60,96,5
43,-3.20%,1.72%,7.23%,1 days 09:50:57.000000000,30.01%,64.1875752692837,2276,3.065314684155543,5.970030530000002,47%,53,-10.84%,2 days 07:00:00.000000000,45,96,5
264,-2.97%,1.19%,5.69%,0 days 23:00:46.000000000,19.02%,74.11866739474459,2106,2.8704195587852084,5.857549470000005,48%,79,-14.75%,2 days 09:00:00.000000000,5,12,60
240,-9.02%,3.70%,11.53%,3 days 11:31:26.000000000,28.22%,68.09648475241985,2017,3.353353628724198,5.795860449999999,62%,21,-23.12%,3 days 12:00:00.000000000,5,120,45
164,-6.04%,2.59%,9.51%,2 days 21:00:00.000000000,23.34%,54.82331390819745,1686,3.193697477200719,5.786715349999994,56%,27,-20.01%,3 days 23:00:00.000000000,60,60,26
122,-3.60%,1.81%,7.44%,1 days 13:24:29.000000000,46.35%,52.76263321369654,2509,3.5262507733499127,5.742198060000008,49%,49,-10.85%,1 days 12:00:00.000000000,26,252,12
60,-3.94%,1.83%,7.87%,1 days 17:10:40.000000000,36.28%,54.28560398642743,2436,3.137735900104968,5.72860914,49%,45,-9.45%,0 days 13:00:00.000000000,60,252,5
126,-4.14%,3.53%,16.00%,3 days 08:17:09.000000000,33.98%,64.22505360570243,940,3.017008041074449,5.7262736099999945,38%,21,-10.24%,2 days 18:00:00.000000000,120,252,12
511,-12.93%,13.66%,31.39%,12 days 18:24:00.000000000,72.92%,143.1940090898931,1859,-0.9071080114987491,5.694005920000002,60%,5,-18.24%,8 days 15:00:00.000000000,252,252,252
71,-2.85%,1.24%,6.47%,1 days 03:08:11.000000000,20.50%,54.92508309774568,1490,2.8839742281679253,5.688884190000005,44%,66,-11.53%,0 days 07:00:00.000000000,252,5,12
94,-5.22%,2.55%,8.49%,2 days 11:24:00.000000000,21.96%,43.291581781742195,2276,3.4362884073550704,5.68232317,57%,30,-17.72%,2 days 14:00:00.000000000,120,45,12
211,-8.02%,2.01%,9.68%,2 days 15:48:00.000000000,24.69%,76.93924552409453,2276,2.9373365307705637,5.631501799999998,57%,30,-31.71%,4 days 03:00:00.000000000,45,26,45
120,-3.58%,1.04%,5.09%,0 days 20:02:37.000000000,22.78%,68.32937828244846,2509,2.8903632530102104,5.618574450000003,53%,92,-10.63%,0 days 11:00:00.000000000,5,252,12
253,-7.15%,5.17%,14.41%,5 days 02:38:34.000000000,28.44%,60.82354750072254,2735,3.15174924056922,5.52756047,57%,14,-12.00%,4 days 06:00:00.000000000,96,252,45
274,-6.73%,3.06%,13.74%,3 days 07:52:10.000000000,22.07%,69.40262164457123,2276,3.014701823236675,5.524088730000002,48%,23,-26.84%,3 days 09:00:00.000000000,26,26,60
224,-6.78%,2.21%,9.09%,2 days 13:44:00.000000000,23.18%,60.421024399322064,2276,3.1209788426461347,5.485111110000005,57%,30,-30.94%,3 days 17:00:00.000000000,5,60,45
336,-8.24%,2.27%,7.28%,2 days 08:50:19.000000000,28.82%,72.09610329480921,2276,3.236792457663214,5.3457445300000055,68%,31,-18.17%,4 days 07:00:00.000000000,5,26,96
80,-4.58%,1.11%,6.25%,1 days 00:17:15.000000000,34.40%,93.50271228977927,2509,2.4372017112818574,5.324572240000003,52%,80,-14.75%,1 days 02:00:00.000000000,5,26,12
276,-5.55%,3.87%,11.42%,4 days 05:56:40.000000000,17.94%,82.09533462756363,2017,2.9976787293085114,5.252824329999996,56%,18,-11.61%,4 days 21:00:00.000000000,60,26,60
212,-6.78%,2.27%,10.71%,2 days 16:45:31.000000000,23.10%,60.11048516778209,2276,3.1066098857149433,5.237118299999999,52%,29,-25.43%,3 days 20:00:00.000000000,60,26,45
312,-6.19%,4.21%,25.01%,4 days 01:16:40.000000000,32.96%,69.08465085721876,2735,2.693301572754668,5.206800249999995,33%,18,-11.56%,0 days 16:00:00.000000000,5,252,60
280,-4.40%,1.92%,7.13%,2 days 10:44:31.000000000,17.75%,76.34349611326085,1686,2.7080252520974746,5.102970849999998,55%,31,-11.38%,4 days 02:00:00.000000000,5,45,60
52,-4.94%,1.64%,8.87%,1 days 18:20:00.000000000,28.41%,66.78606844719212,2509,2.6306261697866535,4.992592329999999,48%,42,-21.05%,2 days 01:00:00.000000000,60,120,5
318,-12.17%,5.26%,19.79%,6 days 13:32:44.000000000,41.32%,52.03168460109144,2017,3.055684436401921,4.986766810000002,55%,11,-21.23%,6 days 05:00:00.000000000,120,252,60
142,-3.97%,2.01%,10.98%,2 days 03:01:43.000000000,33.88%,54.28585893163581,2276,3.4118491288249015,4.976083000000004,40%,35,-19.38%,0 days 10:00:00.000000000,120,12,26
221,-6.22%,3.97%,14.17%,4 days 04:13:20.000000000,20.71%,90.03493454767856,2017,3.124549847825594,4.9603563399999935,50%,18,-14.49%,3 days 12:00:00.000000000,96,45,45
248,-4.79%,3.36%,15.13%,3 days 09:46:22.000000000,34.89%,63.75835711694169,2735,2.984887672371865,4.958080319999998,41%,22,-9.31%,0 days 04:00:00.000000000,5,252,45
172,-9.74%,3.66%,12.19%,4 days 05:26:40.000000000,22.52%,69.62790450313449,2017,3.112603461399959,4.9393307600000025,61%,18,-19.30%,4 days 00:00:00.000000000,60,96,26
204,-6.82%,1.88%,9.55%,2 days 11:22:30.000000000,23.49%,52.463194879799815,2276,2.88984100172463,4.9274295499999985,53%,32,-27.29%,3 days 21:00:00.000000000,60,12,45
141,-4.13%,1.78%,9.79%,1 days 22:09:00.000000000,26.98%,64.82591208036774,2509,2.976275108283585,4.925166239999998,42%,40,-14.54%,0 days 14:00:00.000000000,96,12,26
98,-4.34%,1.62%,8.32%,1 days 13:45:53.000000000,33.00%,54.28146673257653,2106,3.132604726265082,4.910301900000007,47%,51,-19.59%,4 days 07:00:00.000000000,26,60,12
235,-15.41%,4.58%,11.85%,5 days 03:12:00.000000000,24.77%,86.67129690909081,2017,3.0792989664943575,4.9095663000000025,73%,15,-25.85%,3 days 21:00:00.000000000,45,96,45
134,-3.91%,1.78%,9.26%,2 days 00:00:00.000000000,29.91%,47.81005179365674,2276,3.2108532319959457,4.897504419999993,43%,37,-11.70%,2 days 17:00:00.000000000,120,5,26
250,-6.83%,3.57%,16.57%,4 days 03:10:00.000000000,31.73%,66.22082303495895,1686,2.804901381144539,4.866174289999989,44%,18,-14.02%,4 days 08:00:00.000000000,26,252,45
53,-7.99%,2.81%,9.30%,2 days 10:15:00.000000000,30.91%,78.13670288877266,2735,2.9418729021931496,4.855868899999999,62%,32,-29.70%,2 days 04:00:00.000000000,96,120,5
265,-4.74%,1.44%,6.80%,1 days 08:30:00.000000000,22.95%,69.77299862340877,2276,2.794146672246974,4.830274499999996,54%,56,-14.75%,2 days 09:00:00.000000000,12,12,60
108,-4.35%,2.25%,8.84%,2 days 08:03:45.000000000,23.08%,63.88100473424031,2276,3.0226099682166376,4.817909660000005,50%,32,-20.15%,0 days 23:00:00.000000000,60,96,12
288,-4.79%,2.13%,7.84%,2 days 10:15:29.000000000,20.85%,85.78601906439746,2039,2.9216573959258922,4.804581050000002,55%,31,-11.63%,4 days 15:00:00.000000000,5,60,60
281,-5.53%,2.09%,8.19%,2 days 19:44:27.000000000,15.51%,79.58764126587226,2039,2.7689418941031008,4.792819680000004,56%,27,-14.55%,4 days 02:00:00.000000000,12,45,60
114,-4.52%,1.63%,7.54%,1 days 13:23:32.000000000,22.29%,66.84020383875131,2735,2.906750240775153,4.784448930000006,51%,51,-20.75%,2 days 09:00:00.000000000,26,120,12
377,-14.31%,3.72%,11.73%,5 days 12:41:32.000000000,28.56%,53.42870617893528,2017,3.0645241137890897,4.7785393099999975,69%,13,-24.66%,5 days 14:00:00.000000000,12,252,96
104,-3.44%,1.03%,5.18%,0 days 21:55:33.000000000,21.23%,78.6443522237828,2735,2.787590978626341,4.776633740000019,52%,81,-14.75%,0 days 11:00:00.000000000,5,96,12
321,-5.04%,1.28%,6.68%,1 days 04:01:54.000000000,34.80%,78.59352198166056,2509,2.876484893584243,4.750573190000002,54%,63,-19.56%,1 days 05:00:00.000000000,12,5,96
30,-4.02%,1.55%,6.86%,1 days 18:18:08.000000000,23.63%,48.15805201108344,2276,3.1152379789835596,4.730872469999992,51%,43,-14.18%,2 days 01:00:00.000000000,120,45,5
106,-4.24%,1.48%,7.72%,1 days 13:52:10.000000000,23.61%,60.70399659361549,2509,2.892386207708497,4.723638329999999,48%,46,-13.17%,0 days 04:00:00.000000000,26,96,12
56,-2.92%,0.44%,3.84%,0 days 10:20:39.000000000,18.29%,59.583805602132365,2017,2.484386137297966,4.720603409999998,50%,183,-14.53%,0 days 07:00:00.000000000,5,252,5
82,-4.56%,1.55%,7.87%,1 days 09:42:06.000000000,27.27%,65.83342452039665,2509,2.920798579682001,4.684019570000015,49%,57,-11.91%,1 days 13:00:00.000000000,26,26,12
143,-5.85%,2.24%,8.98%,2 days 05:32:44.000000000,27.68%,69.49485615826245,2276,3.223634305616277,4.66159018000001,55%,33,-17.55%,1 days 15:00:00.000000000,252,12,26
62,-4.25%,2.06%,10.64%,2 days 05:34:33.000000000,41.09%,60.829472686647314,2039,2.7882657148001138,4.628369339999999,42%,33,-12.52%,1 days 06:00:00.000000000,120,252,5
13,-3.90%,0.78%,5.65%,0 days 19:30:38.000000000,21.79%,76.74785762628247,2039,2.6467946319035343,4.627493980000005,49%,96,-12.22%,0 days 09:00:00.000000000,96,12,5
376,-13.34%,3.36%,10.04%,5 days 03:04:17.000000000,28.13%,51.808737141141826,1009,3.027820773155486,4.624773919999999,71%,14,-26.26%,5 days 14:00:00.000000000,5,252,96
129,-3.44%,0.83%,5.49%,0 days 20:05:06.000000000,19.39%,71.34754615996222,2522,2.727526203708052,4.6096727400000095,48%,94,-10.96%,0 days 11:00:00.000000000,12,5,26
267,-6.65%,2.95%,12.55%,3 days 05:47:30.000000000,23.89%,80.99710359073022,2276,2.90415090011718,4.5622063400000075,50%,24,-25.96%,3 days 08:00:00.000000000,45,12,60
150,-5.43%,1.99%,9.41%,2 days 10:46:00.000000000,22.27%,51.500351607463834,2276,2.888043469290429,4.465218639999996,50%,30,-21.23%,2 days 15:00:00.000000000,120,26,26
282,-6.45%,2.60%,8.63%,3 days 01:26:24.000000000,25.55%,91.84308795258718,2039,2.772197862031668,4.417842350000008,60%,25,-19.12%,4 days 00:00:00.000000000,26,45,60
50,-4.07%,1.02%,5.98%,1 days 01:16:48.000000000,23.19%,67.68498172930626,2509,2.761944618155653,4.398886850000009,51%,75,-19.41%,1 days 22:00:00.000000000,26,120,5
186,-5.29%,1.91%,10.65%,2 days 13:09:41.000000000,38.82%,52.06966309258988,1686,2.7484934555992484,4.397930179999996,45%,31,-13.25%,0 days 15:00:00.000000000,26,252,26
199,-6.34%,2.78%,11.08%,3 days 13:11:26.000000000,26.40%,65.37069936221909,2017,2.8790511928350866,4.368093240000001,52%,21,-14.41%,0 days 15:00:00.000000000,252,5,45
440,-9.68%,3.18%,14.21%,5 days 18:09:14.000000000,39.27%,68.72324061832298,2017,2.700985042349762,4.351738230000003,54%,13,-22.08%,11 days 09:00:00.000000000,5,252,120
173,-10.54%,3.87%,12.51%,4 days 17:03:45.000000000,21.48%,80.98688596899069,2017,2.922491727149649,4.348582960000003,62%,16,-24.14%,3 days 22:00:00.000000000,96,96,26
168,-5.36%,1.71%,8.77%,1 days 21:25:30.000000000,29.95%,58.27860586949516,2276,2.775597057322696,4.334752579999995,50%,40,-24.10%,2 days 21:00:00.000000000,5,96,26
138,-5.92%,1.57%,9.69%,1 days 14:04:48.000000000,27.02%,76.02770560893507,2509,2.673903165472616,4.317935030000004,48%,50,-18.36%,0 days 19:00:00.000000000,26,12,26
332,-11.78%,3.04%,13.82%,3 days 23:56:51.000000000,39.61%,76.99444900122442,2276,3.1099169794847628,4.303568650000003,58%,19,-22.91%,1 days 22:00:00.000000000,60,12,96
45,-3.85%,1.70%,8.17%,1 days 23:35:23.000000000,27.26%,81.89279749825843,2735,2.7266420966145217,4.283329620000005,46%,39,-11.04%,2 days 16:00:00.000000000,96,96,5
273,-5.55%,2.03%,8.27%,2 days 11:09:41.000000000,22.54%,71.36699611692751,2276,2.811992085544229,4.2817926299999955,55%,31,-21.60%,3 days 08:00:00.000000000,12,26,60
354,-12.08%,4.58%,12.91%,5 days 02:36:00.000000000,46.29%,84.86685640670368,2276,2.659746498992584,4.1849287700000035,67%,15,-22.54%,3 days 02:00:00.000000000,26,60,96
317,-15.85%,4.56%,16.22%,6 days 14:00:00.000000000,34.40%,54.71903376962132,2017,2.930867507609696,4.170464500000003,64%,11,-21.34%,6 days 05:00:00.000000000,96,252,60
324,-13.30%,3.00%,11.14%,3 days 14:00:00.000000000,34.62%,72.84330321288459,2276,3.0266445545859977,4.111851470000005,67%,21,-21.77%,4 days 10:00:00.000000000,60,5,96
101,-5.85%,1.60%,8.54%,2 days 15:06:12.000000000,23.42%,56.29079081055002,1686,2.7356802481580353,4.033808540000002,52%,29,-23.77%,3 days 16:00:00.000000000,96,60,12
97,-3.63%,0.96%,4.95%,1 days 02:44:23.000000000,26.17%,60.89721474498862,2378,2.8327748082248885,4.015891159999997,53%,73,-12.26%,1 days 04:00:00.000000000,12,60,12
217,-6.32%,1.56%,9.01%,2 days 06:25:43.000000000,23.92%,65.20761248069046,2276,2.6814841760111374,4.007052749999997,51%,35,-29.63%,4 days 03:00:00.000000000,12,45,45
163,-6.51%,1.63%,7.86%,2 days 14:04:00.000000000,22.82%,65.14586991392181,2276,2.795818464463084,4.0050108499999935,57%,30,-31.23%,4 days 01:00:00.000000000,45,60,26
380,-18.51%,4.49%,14.35%,7 days 07:00:00.000000000,39.91%,59.85900103478469,2017,2.8191063548501347,3.9970210100000028,70%,10,-20.43%,5 days 15:00:00.000000000,60,252,96
170,-5.20%,2.26%,10.26%,2 days 15:06:12.000000000,21.75%,79.5377121654507,2735,2.8166266872999848,3.918141300000011,48%,29,-20.47%,1 days 01:00:00.000000000,26,96,26
254,-9.14%,4.96%,21.87%,6 days 13:16:22.000000000,32.27%,52.012224371845406,1057,2.785192856447406,3.905173610000001,45%,11,-20.64%,5 days 23:00:00.000000000,120,252,45
95,-4.17%,2.32%,10.30%,2 days 14:53:48.000000000,22.49%,62.23751738477639,2735,2.8823591218016373,3.899555479999999,45%,29,-19.33%,1 days 18:00:00.000000000,252,45,12
195,-5.80%,1.95%,8.84%,2 days 07:52:56.000000000,32.57%,80.32021061120544,2735,2.664338731143494,3.8960739999999934,53%,34,-25.59%,3 days 21:00:00.000000000,45,5,45
323,-9.37%,2.39%,9.75%,2 days 20:27:42.000000000,34.50%,77.82507824804993,2276,2.8995290926558033,3.858882129999996,62%,26,-18.87%,1 days 14:00:00.000000000,45,5,96
344,-9.28%,2.57%,10.76%,3 days 10:54:33.000000000,41.56%,82.29655706150572,2276,2.8186097831030756,3.8440238300000003,59%,22,-22.51%,1 days 22:00:00.000000000,5,45,96
304,-9.47%,3.33%,10.81%,4 days 01:00:00.000000000,32.89%,94.50064599055929,2276,2.7296640083806007,3.8281145899999993,63%,19,-21.26%,4 days 23:00:00.000000000,5,120,60
201,-4.90%,1.19%,6.87%,1 days 08:49:39.000000000,24.66%,77.85999138912759,2509,2.630084886810856,3.8137936299999904,52%,58,-26.93%,1 days 03:00:00.000000000,12,12,45
226,-8.37%,1.99%,7.48%,2 days 23:39:14.000000000,21.32%,83.22037138953631,2017,2.6549774841304443,3.8000687599999994,65%,26,-14.32%,4 days 05:00:00.000000000,26,60,45
284,-8.94%,3.52%,13.48%,4 days 05:20:00.000000000,20.67%,96.68452276701555,2017,2.7187808178248942,3.7997951199999944,56%,18,-19.34%,4 days 00:00:00.000000000,60,45,60
157,-7.23%,1.81%,8.03%,2 days 17:20:00.000000000,25.38%,71.05489382130861,1686,2.719578876781129,3.7885810300000013,59%,27,-30.72%,3 days 09:00:00.000000000,96,45,26
289,-6.71%,2.54%,10.47%,2 days 21:50:46.000000000,22.18%,107.29836727141553,2039,2.5853142376366773,3.786963840000003,54%,26,-18.44%,3 days 17:00:00.000000000,12,60,60
21,-3.67%,1.09%,7.72%,1 days 03:02:41.000000000,25.02%,55.21357599982816,2039,2.592665332745323,3.671875430000009,42%,67,-18.22%,0 days 07:00:00.000000000,96,26,5
123,-5.19%,1.71%,7.63%,2 days 00:01:32.000000000,42.92%,70.25633983068221,2509,2.737015396607478,3.6655046499999946,54%,39,-13.92%,1 days 12:00:00.000000000,45,252,12
29,-4.31%,1.28%,6.86%,1 days 17:49:05.000000000,24.20%,64.7335313988575,1686,2.5804013959183436,3.6479921499999994,50%,44,-14.63%,0 days 07:00:00.000000000,96,45,5
337,-6.34%,2.03%,9.29%,2 days 15:21:26.000000000,33.34%,80.42100457281022,2276,2.788772792425049,3.6461834600000076,54%,28,-20.67%,4 days 06:00:00.000000000,12,26,96
130,-5.06%,1.40%,9.16%,1 days 10:24:00.000000000,30.84%,71.54824132969908,2513,2.705940263444383,3.6318336900000032,45%,55,-16.87%,0 days 20:00:00.000000000,26,5,26
339,-13.65%,2.46%,9.89%,4 days 00:06:19.000000000,39.05%,84.31382010400995,2276,2.538844137471934,3.5392560299999927,68%,19,-23.23%,1 days 23:00:00.000000000,45,26,96
179,-5.84%,2.25%,13.03%,3 days 12:25:43.000000000,23.30%,79.6841159265183,2017,2.682634577886408,3.5060097700000066,43%,21,-20.99%,1 days 08:00:00.000000000,45,120,26
227,-5.89%,2.33%,9.29%,3 days 04:45:00.000000000,23.13%,85.04017884600702,2009,2.621899950327915,3.5002763699999973,54%,24,-14.94%,3 days 23:00:00.000000000,45,60,45
51,-4.42%,1.12%,8.65%,1 days 07:13:13.000000000,29.70%,87.20589913004804,2735,2.565328640118803,3.4499471799999943,42%,59,-20.00%,2 days 00:00:00.000000000,45,120,5
296,-9.88%,2.99%,10.51%,4 days 02:22:06.000000000,37.20%,96.6825931772417,2276,2.593297531847108,3.443975159999998,63%,19,-25.95%,3 days 16:00:00.000000000,5,96,60
384,-3.60%,0.59%,3.97%,0 days 13:23:05.000000000,36.37%,92.64217518714824,2509,2.5517667994053737,3.3525958200000154,55%,130,-17.19%,3 days 08:00:00.000000000,5,5,120
65,-3.41%,0.68%,4.03%,0 days 16:04:00.000000000,29.12%,122.02521606696162,2658,1.2396847476474413,3.3214294300000198,55%,120,-11.66%,0 days 12:00:00.000000000,12,5,12
382,-14.42%,5.04%,24.50%,9 days 03:22:30.000000000,41.03%,65.21941499140675,2017,2.568665045976411,3.260944740000003,50%,8,-22.13%,9 days 23:00:00.000000000,120,252,96
378,-12.10%,3.06%,13.90%,6 days 00:15:00.000000000,25.81%,57.61427221989669,2017,2.5360025480899164,3.2319128399999997,58%,12,-22.48%,5 days 17:00:00.000000000,26,252,96
14,-3.42%,0.63%,5.89%,0 days 18:37:35.000000000,26.08%,91.26472810478595,2039,2.4198492627021833,3.218499219999998,43%,99,-12.21%,0 days 06:00:00.000000000,120,12,5
305,-8.21%,3.87%,13.27%,4 days 18:52:30.000000000,31.31%,100.4314214139909,2276,2.56695610200367,3.217193990000002,56%,16,-22.56%,4 days 22:00:00.000000000,12,120,60
88,-4.45%,0.91%,6.26%,0 days 23:19:45.000000000,35.35%,75.10395970855326,2507,2.518283689653792,3.2129768800000056,50%,82,-20.65%,1 days 01:00:00.000000000,5,45,12
277,-10.14%,3.18%,11.65%,4 days 04:16:40.000000000,19.25%,98.18765486841747,2017,2.558428418490549,3.1719655100000006,61%,18,-21.06%,3 days 15:00:00.000000000,96,26,60
210,-6.17%,1.45%,11.25%,2 days 11:58:08.000000000,24.41%,64.57577132567121,2276,2.482778518588672,3.1692673700000062,44%,32,-28.61%,4 days 07:00:00.000000000,26,26,45
338,-10.13%,1.91%,9.14%,3 days 02:15:00.000000000,39.79%,78.77924128728185,2276,2.5848188434202957,3.1641042000000015,62%,24,-21.22%,1 days 18:00:00.000000000,26,26,96
283,-8.62%,3.34%,14.11%,4 days 00:06:19.000000000,24.32%,107.79230497511003,2039,2.4013995598084845,3.15630141,53%,19,-15.87%,4 days 00:00:00.000000000,45,45,60
180,-9.30%,3.09%,9.84%,4 days 07:56:28.000000000,20.99%,89.88712362815203,2017,2.571917771235195,3.1424530999999947,65%,17,-30.58%,4 days 01:00:00.000000000,60,120,26
441,-13.23%,2.74%,18.71%,7 days 12:18:00.000000000,34.14%,75.22488059187314,2017,2.347613370081584,3.1220819899999936,50%,10,-23.86%,11 days 06:00:00.000000000,12,252,120
499,-10.17%,4.79%,16.76%,6 days 13:06:40.000000000,32.26%,143.27146266258248,2017,0.0013305048730898326,3.092152490000002,56%,9,-19.00%,9 days 03:00:00.000000000,45,120,252
379,-20.47%,3.28%,13.46%,7 days 07:06:00.000000000,36.01%,64.30643248530603,2017,2.4740408451796543,3.082639190000002,70%,10,-24.06%,5 days 18:00:00.000000000,45,252,96
102,-6.34%,1.71%,9.76%,2 days 20:57:42.000000000,21.43%,67.83255759201914,2735,2.5540996570310592,3.008391259999998,50%,26,-31.55%,3 days 07:00:00.000000000,120,60,12
207,-7.03%,2.71%,10.67%,3 days 18:21:00.000000000,31.96%,81.1813512782519,2735,2.485561191614549,3.00063601,55%,20,-15.21%,2 days 11:00:00.000000000,252,12,45
155,-6.87%,1.66%,9.65%,2 days 12:13:33.000000000,27.63%,67.0918018914898,2735,2.451216279008116,2.975115569999998,52%,31,-23.04%,4 days 05:00:00.000000000,45,45,26
19,-4.05%,0.94%,6.71%,1 days 02:33:55.000000000,27.80%,65.89577163237826,2509,2.423067470209485,2.9553974700000007,46%,69,-14.80%,0 days 12:00:00.000000000,45,26,5
451,-5.64%,1.56%,8.29%,2 days 10:00:00.000000000,24.61%,71.74771772660466,2017,2.278237987141559,2.9533367299999984,52%,29,-19.01%,4 days 16:00:00.000000000,45,5,252
301,-8.15%,4.32%,15.23%,5 days 04:44:00.000000000,34.50%,94.72171895835857,2509,2.5380488506405796,2.93343916,53%,15,-13.50%,3 days 13:00:00.000000000,96,96,60
242,-12.59%,3.46%,10.76%,4 days 14:03:45.000000000,26.47%,92.70548482927761,2276,2.5365505536796205,2.9262750000000035,69%,16,-23.48%,4 days 10:00:00.000000000,26,120,45
35,-3.69%,0.90%,5.94%,1 days 05:36:11.000000000,24.00%,67.93502123602954,2106,2.5675677565122514,2.911731990000006,48%,63,-15.97%,2 days 02:00:00.000000000,45,60,5
136,-4.00%,0.92%,6.80%,0 days 23:54:41.000000000,36.78%,105.5979919788661,2522,1.715840080313931,2.905609909999998,46%,79,-14.16%,0 days 20:00:00.000000000,5,12,26
105,-3.54%,0.96%,6.91%,1 days 03:41:32.000000000,20.15%,72.17455931687734,2509,2.4508249454878945,2.8909245400000025,43%,65,-16.55%,0 days 10:00:00.000000000,12,96,12
203,-6.44%,1.70%,9.32%,2 days 13:23:14.000000000,29.53%,77.21806693850787,2276,2.439488332022806,2.871776500000006,52%,31,-25.63%,3 days 23:00:00.000000000,45,12,45
63,-4.36%,2.22%,12.46%,3 days 00:36:31.000000000,49.01%,62.88809370164089,2039,2.528304626967156,2.8532659400000018,39%,23,-12.07%,0 days 05:00:00.000000000,252,252,5
347,-11.76%,3.33%,12.39%,4 days 19:48:45.000000000,29.17%,97.34538956133655,2276,2.419487200876507,2.850521210000005,62%,16,-20.41%,2 days 14:00:00.000000000,45,45,96
216,-5.60%,1.26%,7.46%,1 days 23:57:00.000000000,23.57%,87.03064855069704,2276,2.4806216382925066,2.8167573399999855,52%,40,-31.05%,4 days 04:00:00.000000000,5,45,45
58,-3.85%,0.71%,4.84%,0 days 22:48:00.000000000,17.92%,80.36422973050861,2362,2.4136457732081915,2.783196899999983,52%,80,-11.24%,0 days 07:00:00.000000000,26,252,5
156,-6.15%,1.38%,8.92%,2 days 14:42:00.000000000,24.61%,82.63867937422917,2276,2.400841747967584,2.754178640000002,50%,30,-24.30%,4 days 01:00:00.000000000,60,45,26
328,-5.80%,1.13%,6.90%,1 days 07:50:11.000000000,31.41%,85.42974850364831,2509,2.4189522934814014,2.7370801499999895,55%,55,-19.56%,1 days 05:00:00.000000000,5,12,96
394,-5.32%,2.01%,12.48%,2 days 05:00:00.000000000,40.69%,89.09468856936994,2509,2.315389297447192,2.6698932700000086,41%,34,-21.95%,3 days 14:00:00.000000000,26,12,120
220,-8.53%,2.15%,7.17%,3 days 01:28:48.000000000,20.26%,111.21351714264662,2017,2.2787856223215672,2.65186393,68%,25,-13.05%,1 days 21:00:00.000000000,60,45,45
54,-8.25%,2.67%,10.86%,2 days 21:30:00.000000000,48.20%,97.27266081833112,2735,2.483986468344677,2.6377768000000077,57%,28,-30.08%,1 days 22:00:00.000000000,120,120,5
290,-8.44%,2.93%,14.31%,3 days 19:27:00.000000000,23.78%,116.54502415291816,2039,0.7652530172573367,2.581862589999996,50%,20,-15.11%,3 days 17:00:00.000000000,26,60,60
255,-14.54%,4.95%,24.44%,9 days 20:22:30.000000000,44.34%,67.27316249127787,2017,2.4356512919257542,2.5790257899999993,50%,8,-22.71%,9 days 17:00:00.000000000,252,252,45
496,-9.23%,3.26%,12.63%,4 days 04:21:26.000000000,35.31%,143.1940090898931,2017,0.7216257271585061,2.573036939999998,57%,14,-18.96%,6 days 07:00:00.000000000,5,120,252
355,-8.26%,4.12%,14.95%,5 days 04:00:00.000000000,54.00%,95.80264842883103,2735,2.334732103440592,2.5261543700000004,53%,15,-15.94%,5 days 03:00:00.000000000,45,60,96
297,-16.71%,2.86%,9.39%,4 days 21:11:15.000000000,24.04%,99.4313375753228,2276,2.390715366322993,2.519474330000001,75%,16,-27.86%,3 days 17:00:00.000000000,12,96,60
162,-7.61%,1.56%,9.66%,2 days 10:07:30.000000000,27.43%,65.66587805697488,1686,2.334077199938819,2.5145165900000115,53%,32,-27.02%,4 days 02:00:00.000000000,26,60,26
219,-6.30%,1.52%,8.22%,3 days 00:20:46.000000000,17.38%,95.67675061175593,2106,2.370115092797485,2.498528939999995,54%,26,-17.76%,3 days 22:00:00.000000000,45,45,45
178,-6.24%,1.51%,9.81%,2 days 12:37:14.000000000,32.29%,75.58124204428134,2509,2.3893546192760673,2.4925271699999936,48%,29,-23.05%,1 days 06:00:00.000000000,26,120,26
442,-13.95%,2.90%,23.96%,8 days 07:53:20.000000000,30.19%,76.92493166939417,2017,2.2536762972880693,2.4914700100000005,44%,9,-25.23%,11 days 03:00:00.000000000,26,252,120
387,-6.46%,2.01%,11.09%,2 days 15:20:41.000000000,39.89%,80.30857857807683,2509,2.3204182001545695,2.4857492400000116,48%,29,-22.63%,4 days 00:00:00.000000000,45,5,120
187,-5.53%,1.91%,13.82%,3 days 00:39:14.000000000,33.98%,75.93988184081756,2735,2.2830893327936765,2.424346799999997,38%,26,-14.29%,0 days 13:00:00.000000000,45,252,26
196,-4.53%,1.30%,7.81%,2 days 04:43:20.000000000,23.71%,83.67655679085041,2735,2.3375455421189257,2.3392115100000135,47%,36,-18.45%,3 days 20:00:00.000000000,60,5,45
151,-6.61%,1.69%,9.40%,2 days 17:37:47.000000000,19.08%,72.35726373421552,2735,2.2569603474022815,2.2713039000000035,52%,27,-20.87%,1 days 13:00:00.000000000,252,26,26
38,-5.50%,0.89%,7.29%,2 days 02:05:00.000000000,21.28%,75.49337721188148,2039,2.1345756842810912,2.2521883599999954,50%,36,-22.32%,2 days 15:00:00.000000000,120,60,5
55,-6.20%,2.67%,14.49%,2 days 18:40:43.000000000,44.37%,83.60696405978838,2644,2.29367825064055,2.2505697600000003,43%,28,-14.79%,1 days 08:00:00.000000000,252,120,5
333,-10.39%,3.53%,14.36%,4 days 16:56:15.000000000,45.17%,96.557755168391,2509,2.1300854137565475,2.2317988400000055,56%,16,-15.00%,3 days 03:00:00.000000000,96,12,96
443,-16.86%,1.85%,16.81%,8 days 06:40:00.000000000,28.73%,78.62693803864336,2017,2.1491226817426594,2.2232929899999987,56%,9,-24.69%,4 days 09:00:00.000000000,45,252,120
307,-9.12%,3.83%,15.16%,5 days 03:00:00.000000000,36.66%,105.42326875813137,2735,2.298460593191315,2.182491929999994,53%,15,-17.44%,4 days 11:00:00.000000000,45,120,60
245,-8.79%,4.22%,15.60%,5 days 05:16:00.000000000,35.09%,108.39312626554955,2735,1.6375204074775118,2.1757853700000034,53%,15,-15.59%,5 days 03:00:00.000000000,96,120,45
275,-8.47%,1.70%,11.88%,3 days 11:30:00.000000000,21.38%,93.12392455615351,2017,2.2802113432265165,2.145004100000004,50%,22,-22.26%,3 days 11:00:00.000000000,45,26,60
348,-8.96%,3.19%,11.29%,5 days 04:12:00.000000000,33.71%,101.00713203895324,2735,2.3537834158517343,2.1363060200000032,60%,15,-21.12%,2 days 18:00:00.000000000,60,45,96
36,-3.83%,0.90%,7.79%,1 days 10:24:27.000000000,25.02%,71.74643822508338,2106,2.2998297084417816,2.130980189999994,41%,54,-17.40%,2 days 03:00:00.000000000,60,60,5
238,-7.69%,3.56%,16.42%,5 days 05:40:00.000000000,28.64%,99.13601590541184,2735,2.2812793416417936,2.130378199999994,47%,15,-15.37%,3 days 22:00:00.000000000,120,96,45
118,-9.12%,3.00%,9.52%,4 days 01:39:00.000000000,25.43%,115.86343822304248,2735,-0.4620177308123681,2.0805520700000026,65%,20,-25.64%,3 days 23:00:00.000000000,120,120,12
109,-6.66%,1.78%,7.06%,2 days 22:11:32.000000000,22.99%,89.89128302080367,2735,2.2535375104183033,2.0705006900000047,62%,26,-16.58%,4 days 04:00:00.000000000,96,96,12
124,-5.73%,1.37%,9.43%,2 days 10:22:30.000000000,38.68%,74.97039111696637,2509,2.168208458394496,2.068849789999997,47%,32,-12.93%,1 days 10:00:00.000000000,60,252,12
303,-9.34%,3.56%,16.45%,5 days 16:00:00.000000000,47.24%,80.34733848598393,2484,2.168098058552994,2.065351329999999,50%,14,-15.23%,4 days 01:00:00.000000000,252,96,60
352,-9.49%,2.06%,9.48%,3 days 07:26:05.000000000,34.50%,98.85454767193,2276,2.2145643929367864,2.0250630900000024,61%,23,-28.78%,2 days 14:00:00.000000000,5,60,96
117,-7.05%,2.24%,11.53%,3 days 11:54:33.000000000,25.65%,104.59030547376696,2509,2.350206298383279,2.0179322100000037,50%,22,-28.53%,3 days 21:00:00.000000000,96,120,12
278,-13.49%,2.60%,9.92%,4 days 16:07:30.000000000,28.48%,102.1098956684301,2276,2.2541821397747555,1.9346464600000006,69%,16,-23.29%,3 days 07:00:00.000000000,120,26,60
225,-6.72%,1.17%,8.50%,2 days 20:57:47.000000000,22.10%,90.36178225662525,2276,2.1628541830298627,1.9299700800000004,52%,27,-27.68%,3 days 20:00:00.000000000,12,60,45
135,-5.12%,1.46%,8.41%,1 days 23:47:02.000000000,33.71%,93.55270808030777,2509,2.177751371356032,1.925527200000002,49%,37,-15.23%,0 days 20:00:00.000000000,252,5,26
39,-3.97%,1.29%,6.81%,1 days 19:57:04.000000000,40.07%,85.16333555103573,2735,2.2318024996360766,1.8769505499999934,49%,41,-12.22%,2 days 04:00:00.000000000,252,60,5
169,-5.47%,1.41%,9.51%,2 days 01:22:42.000000000,26.91%,89.01911973447953,2276,2.1710486124542188,1.8478124200000043,46%,37,-22.35%,0 days 19:00:00.000000000,12,96,26
236,-12.38%,2.79%,10.37%,5 days 03:32:00.000000000,21.86%,108.61627017165043,2276,-1.2561095346179254,1.801510970000002,67%,15,-24.61%,3 days 19:00:00.000000000,60,96,45
10,-4.03%,0.45%,5.09%,0 days 16:49:28.000000000,23.67%,151.59961037958914,2484,0.03211513104598813,1.7709070100000037,49%,114,-13.68%,0 days 12:00:00.000000000,26,12,5
137,-4.93%,0.87%,7.22%,1 days 04:21:30.000000000,28.58%,97.45436599536586,2513,2.098102427375691,1.7601755400000059,48%,67,-15.38%,0 days 17:00:00.000000000,12,12,26
23,-3.66%,0.77%,6.03%,1 days 06:09:09.000000000,25.55%,75.92242487882854,2276,2.087148443811533,1.7310464299999992,46%,59,-9.66%,0 days 23:00:00.000000000,252,26,5
209,-5.81%,1.16%,9.35%,2 days 03:11:21.000000000,26.17%,76.57496896049733,1686,2.1543183238720154,1.7176150900000056,46%,37,-29.26%,4 days 07:00:00.000000000,12,26,45
86,-4.65%,1.11%,8.80%,1 days 19:37:09.000000000,33.58%,80.30316136490056,2276,2.104463477706564,1.702277520000003,43%,42,-13.81%,0 days 19:00:00.000000000,120,26,12
444,-18.00%,0.50%,15.30%,8 days 07:06:40.000000000,32.74%,106.39507096338292,2017,2.3026211256005924,1.69910652,56%,9,-24.11%,4 days 12:00:00.000000000,60,252,120
302,-9.30%,3.80%,18.78%,5 days 05:44:00.000000000,40.58%,98.08237756230803,2509,2.1406316884627823,1.6946905399999999,47%,15,-18.51%,4 days 01:00:00.000000000,120,96,60
346,-9.42%,2.10%,12.34%,4 days 11:38:49.000000000,31.44%,100.23458453188287,2276,2.125057088521854,1.6859122799999975,53%,17,-24.90%,2 days 05:00:00.000000000,26,45,96
100,-5.62%,1.12%,9.12%,2 days 06:13:43.000000000,24.13%,71.4843302303044,2276,2.050843385873379,1.6302875299999955,46%,35,-22.95%,4 days 04:00:00.000000000,60,60,12
93,-5.15%,1.11%,9.15%,2 days 08:54:22.000000000,18.21%,67.54044848536684,2276,2.0516134435025632,1.6106778799999995,44%,32,-22.06%,3 days 19:00:00.000000000,96,45,12
185,-5.27%,1.06%,9.92%,2 days 04:55:00.000000000,43.12%,76.21598413362048,2509,2.0245894477537685,1.5817167400000058,42%,36,-11.42%,2 days 12:00:00.000000000,12,252,26
200,-3.91%,0.66%,6.66%,1 days 01:51:05.000000000,35.55%,80.98660135972075,2017,1.9950590584489445,1.5493018300000032,43%,74,-12.34%,0 days 11:00:00.000000000,5,12,45
308,-9.34%,3.80%,15.29%,5 days 03:20:00.000000000,50.97%,111.7774952620278,2735,0.1273871063954474,1.5472434900000018,53%,15,-15.71%,4 days 08:00:00.000000000,60,120,60
37,-4.83%,0.88%,7.16%,1 days 19:38:34.000000000,22.34%,74.17192317542656,2276,1.9895996266362155,1.53686414,48%,42,-21.86%,3 days 17:00:00.000000000,96,60,5
311,-10.66%,2.98%,13.21%,5 days 17:47:09.000000000,45.51%,74.89060630829427,2644,1.9807678834496323,1.5048363699999951,57%,14,-19.25%,3 days 19:00:00.000000000,252,120,60
31,-3.40%,1.04%,6.58%,1 days 17:10:40.000000000,21.28%,92.30432145085649,2735,2.0171201495049713,1.4408185699999927,44%,45,-11.93%,1 days 04:00:00.000000000,252,45,5
381,-17.28%,2.62%,22.53%,9 days 00:15:00.000000000,41.09%,78.237287332264,2017,1.9154165069371103,1.4246812900000054,50%,8,-26.15%,11 days 00:00:00.000000000,96,252,96
291,-10.14%,2.46%,12.54%,4 days 05:50:00.000000000,20.82%,110.71064812084586,2017,-1.0622285421540967,1.3956142299999983,56%,18,-28.54%,3 days 19:00:00.000000000,45,60,60
493,-13.34%,4.28%,17.50%,8 days 02:00:00.000000000,35.19%,143.1940090898931,2017,-0.6714562686244891,1.3529658600000047,57%,7,-22.53%,9 days 04:00:00.000000000,96,96,252
510,-23.96%,10.42%,33.34%,12 days 13:00:00.000000000,63.76%,143.1940090898931,2735,-0.6105947020242137,1.298282949999999,60%,5,-26.71%,9 days 14:00:00.000000000,120,252,252
161,-6.50%,1.31%,8.72%,2 days 02:06:29.000000000,29.78%,83.33591959681787,2735,1.9833184629487746,1.2612613899999903,51%,37,-19.86%,3 days 23:00:00.000000000,12,60,26
447,-11.41%,6.43%,30.21%,9 days 21:25:43.000000000,44.79%,107.73288701452822,2509,1.760640132677823,1.2597640500000016,43%,7,-22.54%,10 days 00:00:00.000000000,252,252,120
228,-8.62%,2.12%,11.07%,3 days 10:10:55.000000000,24.25%,120.55566316998478,2039,0.7612559354617159,1.2211540799999958,55%,22,-17.83%,1 days 08:00:00.000000000,60,60,45
508,-18.58%,8.07%,28.06%,8 days 23:51:26.000000000,74.28%,143.1940090898931,2735,-1.3004833418415365,1.2183465599999996,57%,7,-34.81%,10 days 04:00:00.000000000,60,252,252
498,-10.45%,3.15%,16.75%,5 days 22:06:00.000000000,33.60%,143.1940090898931,2017,-1.204779284300483,1.2075545699999957,50%,10,-22.95%,9 days 07:00:00.000000000,26,120,252
353,-8.55%,2.00%,11.49%,4 days 00:50:32.000000000,33.08%,112.87173849919203,2276,-0.4728892855891601,1.180474119999999,53%,19,-18.90%,2 days 19:00:00.000000000,12,60,96
191,-13.63%,2.02%,15.07%,7 days 01:38:11.000000000,35.28%,78.94423121277102,2017,1.7736995022354713,1.170790259999995,55%,11,-23.89%,4 days 21:00:00.000000000,252,252,26
408,-6.27%,1.79%,9.28%,2 days 21:55:33.000000000,48.01%,114.14510312687716,2509,2.025583379805305,1.16174828000001,52%,27,-17.01%,5 days 02:00:00.000000000,5,45,120
12,-3.94%,0.57%,5.18%,0 days 18:29:42.000000000,24.80%,100.45552865597509,2510,2.602359347777988,1.123611330000005,49%,99,-12.58%,0 days 10:00:00.000000000,60,12,5
406,-10.83%,3.13%,15.10%,6 days 04:46:09.000000000,31.63%,105.08728822888473,2735,1.6088615139103812,1.094470879999999,54%,13,-13.12%,4 days 20:00:00.000000000,120,26,120
401,-5.01%,1.54%,10.61%,2 days 10:32:54.000000000,39.84%,103.99407292206932,2509,2.413213332279112,1.0746014700000024,42%,31,-19.30%,3 days 18:00:00.000000000,12,26,120
500,-11.86%,3.49%,18.84%,7 days 05:22:30.000000000,35.48%,143.1940090898931,2017,-0.7814119544024443,1.0555345500000017,50%,8,-21.14%,9 days 02:00:00.000000000,60,120,252
509,-18.04%,9.37%,36.77%,10 days 10:50:00.000000000,66.82%,143.1940090898931,2735,-1.3829218132256422,1.0478238200000023,50%,6,-26.65%,9 days 18:00:00.000000000,96,252,252
375,-14.53%,1.52%,12.22%,8 days 03:00:00.000000000,19.65%,79.39656206806622,2017,1.801167287818266,1.033135130000003,60%,10,-25.66%,12 days 09:00:00.000000000,252,120,96
159,-8.90%,1.49%,11.89%,3 days 11:21:49.000000000,37.53%,95.1629102548411,2735,1.988592062379439,1.0286827099999973,50%,22,-30.96%,1 days 18:00:00.000000000,252,45,26
383,-12.71%,3.91%,26.07%,10 days 00:42:51.000000000,37.78%,92.92091235408381,2017,1.8776287175644923,1.0179200100000005,43%,7,-18.60%,10 days 05:00:00.000000000,252,252,96
182,-7.17%,2.70%,13.80%,4 days 17:10:35.000000000,24.20%,119.36462251034649,2735,1.252570386370232,1.0056893900000046,47%,17,-20.59%,4 days 03:00:00.000000000,120,120,26
230,-13.09%,2.52%,9.61%,4 days 19:26:15.000000000,21.89%,113.15141340125928,2276,0.8629274721936118,1.0038466400000012,69%,16,-25.47%,3 days 10:00:00.000000000,120,60,45
116,-7.48%,1.10%,9.69%,2 days 11:46:00.000000000,20.91%,85.25830926319125,2017,1.8124686480737313,1.0017620599999906,50%,30,-34.59%,2 days 09:00:00.000000000,60,120,12
222,-9.71%,2.56%,11.15%,4 days 10:17:39.000000000,20.91%,132.6967784654985,2017,-0.2838172754451465,0.9900119199999922,59%,17,-15.39%,3 days 07:00:00.000000000,120,45,45
18,-3.90%,0.54%,6.08%,0 days 23:25:56.000000000,29.35%,82.98161742717647,2509,1.9636444191858329,0.9816763500000036,44%,81,-14.24%,0 days 19:00:00.000000000,26,26,5
331,-10.72%,1.35%,9.96%,3 days 02:15:00.000000000,33.11%,98.74802744527548,2276,2.005070720441735,0.9544690199999977,58%,24,-25.84%,1 days 17:00:00.000000000,45,12,96
309,-12.73%,3.36%,14.09%,5 days 05:52:00.000000000,40.73%,103.25787429135107,2735,2.146438918613922,0.9217464300000004,60%,15,-16.14%,4 days 08:00:00.000000000,96,120,60
340,-13.07%,1.96%,10.98%,4 days 19:07:30.000000000,32.91%,112.15776707877797,2276,0.34000560589993134,0.9189263999999966,62%,16,-24.90%,2 days 05:00:00.000000000,60,26,96
503,-22.30%,13.27%,66.62%,11 days 23:36:00.000000000,104.28%,143.1940090898931,2644,-0.6017877617359226,0.9012342600000021,40%,5,-32.14%,10 days 07:00:00.000000000,252,120,252
452,-8.42%,1.23%,8.65%,3 days 01:18:16.000000000,29.42%,97.60092423768663,1794,2.2029155853449094,0.8794619700000004,57%,23,-16.36%,1 days 09:00:00.000000000,60,5,252
208,-5.01%,1.07%,8.38%,1 days 18:54:33.000000000,23.77%,94.39016011204716,2735,2.1392462421116147,0.8253863699999999,45%,44,-28.70%,4 days 09:00:00.000000000,5,26,45
246,-11.70%,4.39%,20.49%,5 days 17:47:09.000000000,67.45%,116.19546522115157,2735,2.1792836460770375,0.8024445999999996,50%,14,-17.36%,4 days 05:00:00.000000000,120,120,45
28,-5.29%,0.74%,7.50%,1 days 12:13:35.000000000,26.70%,84.6970470055681,2509,1.702331985199926,0.7973856499999958,47%,53,-18.94%,1 days 11:00:00.000000000,60,45,5
319,-17.51%,2.12%,21.76%,9 days 20:15:00.000000000,45.32%,84.62880903521405,2017,1.6152854517285924,0.7955229099999996,50%,8,-23.52%,9 days 17:00:00.000000000,252,252,60
450,-5.24%,0.71%,6.93%,1 days 14:19:32.000000000,30.05%,89.58146850664419,2017,1.852749597120496,0.7711196299999987,49%,43,-9.97%,4 days 05:00:00.000000000,26,5,252
453,-8.64%,1.66%,10.82%,4 days 00:35:18.000000000,24.61%,98.64914749612733,2735,2.384359698949771,0.7171516000000027,53%,17,-17.11%,1 days 02:00:00.000000000,96,5,252
244,-11.27%,2.86%,12.27%,5 days 00:52:00.000000000,24.78%,124.84539210571167,2276,-0.5559493159615463,0.7127862500000011,60%,15,-23.73%,4 days 02:00:00.000000000,60,120,45
335,-6.80%,2.23%,14.26%,5 days 12:55:43.000000000,37.65%,90.8744849526494,2735,1.894894675196525,0.6965458800000011,43%,14,-16.70%,3 days 16:00:00.000000000,252,12,96
393,-5.87%,1.34%,8.56%,1 days 13:18:45.000000000,57.26%,105.67052467511375,2509,2.4821472773752005,0.6812632899999933,50%,48,-22.46%,3 days 12:00:00.000000000,12,12,120
46,-5.32%,1.34%,8.47%,2 days 16:31:02.000000000,27.62%,129.01287040450373,2735,1.4633274867528345,0.6556685600000038,48%,29,-16.51%,2 days 17:00:00.000000000,120,96,5
119,-8.97%,3.47%,15.91%,4 days 00:06:00.000000000,53.25%,120.02903242701277,2644,-0.07289783176616664,0.6536041500000016,50%,20,-28.66%,1 days 08:00:00.000000000,252,120,12
85,-4.91%,0.95%,8.27%,1 days 16:41:20.000000000,33.20%,85.71536921802338,2509,1.602638873125589,0.5824692199999932,44%,45,-15.35%,1 days 03:00:00.000000000,96,26,12
90,-6.53%,0.85%,8.22%,1 days 17:30:00.000000000,30.48%,89.3330037142141,2509,1.6226298206036487,0.5607759200000006,50%,46,-21.42%,1 days 05:00:00.000000000,26,45,12
388,-8.72%,1.74%,11.25%,3 days 18:08:34.000000000,37.92%,105.01457477959963,2509,0.9560247038839256,0.5357633699999995,52%,21,-16.97%,0 days 20:00:00.000000000,60,5,120
160,-4.95%,1.11%,9.07%,1 days 17:51:49.000000000,32.10%,85.85908119118982,2735,1.5384300235707198,0.5356080099999916,43%,44,-17.75%,3 days 21:00:00.000000000,5,60,26
396,-8.53%,2.40%,13.32%,3 days 22:27:00.000000000,43.50%,117.05396791833402,2509,1.6139569226784096,0.5123629000000003,50%,20,-17.71%,5 days 07:00:00.000000000,60,12,120
11,-4.17%,0.54%,6.27%,0 days 18:11:46.000000000,28.29%,165.16971851162828,2511,-2.09953081300976,0.4919368299999962,45%,102,-13.69%,1 days 06:00:00.000000000,45,12,5
402,-6.34%,1.48%,12.85%,2 days 20:04:27.000000000,40.04%,97.01376317862376,2509,2.1437195703145586,0.4711257699999958,41%,27,-19.40%,1 days 03:00:00.000000000,26,26,120
480,-7.07%,0.50%,9.59%,3 days 03:19:05.000000000,25.79%,85.78933824005142,2017,1.6304965597394985,0.4156847899999969,45%,22,-18.56%,5 days 14:00:00.000000000,5,60,252
428,-12.05%,1.98%,12.00%,6 days 18:10:00.000000000,29.84%,87.82749104261525,2735,1.657149562240747,0.39277696999999234,58%,12,-18.03%,1 days 14:00:00.000000000,60,96,120
422,-11.41%,1.93%,11.46%,6 days 18:00:00.000000000,24.77%,89.91599016919935,2509,1.6911358145809805,0.36247591999999473,58%,12,-18.32%,5 days 13:00:00.000000000,120,60,120
215,-10.04%,1.47%,9.85%,4 days 00:15:47.000000000,37.40%,111.18924826335343,2735,-0.6221693155519514,0.3193293199999945,58%,19,-19.87%,0 days 22:00:00.000000000,252,26,45
320,-3.53%,0.37%,3.64%,0 days 14:11:31.000000000,14.89%,115.46875252968671,2509,0.5205538960488278,0.3131483499999985,54%,125,-13.45%,0 days 05:00:00.000000000,5,5,96
392,-3.75%,1.01%,6.88%,1 days 02:28:39.000000000,55.66%,130.54853832597954,2509,1.8444819868783766,0.3115000700000057,45%,67,-21.04%,3 days 10:00:00.000000000,5,12,120
457,-4.53%,0.53%,5.23%,1 days 07:10:00.000000000,29.78%,87.58353600371113,2017,1.586617564882982,0.3065204600000113,52%,54,-11.74%,1 days 08:00:00.000000000,12,12,252
306,-8.23%,2.64%,15.07%,5 days 02:48:00.000000000,27.47%,124.82633507364487,2735,-1.270238118137712,0.2982733300000011,47%,15,-19.20%,4 days 16:00:00.000000000,26,120,60
426,-9.90%,2.68%,15.27%,6 days 16:05:00.000000000,35.11%,119.0914041114547,2735,-1.6815563028022762,0.2614862700000067,50%,12,-17.35%,4 days 19:00:00.000000000,26,96,120
279,-7.79%,3.05%,17.51%,5 days 11:17:09.000000000,37.57%,130.1038770130875,2735,-1.3566174382642837,0.2464731099999986,43%,14,-19.73%,3 days 18:00:00.000000000,252,26,60
454,-8.46%,1.96%,11.09%,4 days 00:24:00.000000000,30.52%,124.62922489337703,1775,-0.9317650394784247,0.23288763999999973,53%,15,-13.02%,0 days 16:00:00.000000000,120,5,252
427,-9.91%,2.47%,14.85%,6 days 17:35:00.000000000,28.89%,106.14951344787194,2735,2.3927693748526364,0.18776014999999902,50%,12,-15.36%,1 days 14:00:00.000000000,45,96,120
400,-5.83%,1.19%,9.37%,1 days 22:10:46.000000000,39.89%,105.10518834114873,2509,2.0167288831840846,0.17602547000000146,46%,39,-24.16%,3 days 19:00:00.000000000,5,26,120
42,-3.85%,0.67%,4.95%,1 days 00:34:03.000000000,26.38%,106.82242735865665,2735,2.4116067310561204,0.17521770000001657,51%,74,-15.44%,1 days 13:00:00.000000000,26,96,5
391,-10.49%,1.73%,12.20%,5 days 23:50:46.000000000,32.00%,92.6528064137248,2017,1.85757209452595,0.1528288899999961,54%,13,-16.46%,4 days 23:00:00.000000000,252,5,120
389,-10.29%,2.48%,13.84%,4 days 13:45:53.000000000,53.28%,123.25709947753558,2735,-1.339775871386107,0.12442179999999459,53%,17,-19.08%,5 days 09:00:00.000000000,96,5,120
373,-10.47%,2.54%,15.55%,7 days 00:25:00.000000000,32.21%,97.41567491303638,2644,2.0022411043016795,0.08593119999999654,50%,12,-21.50%,2 days 21:00:00.000000000,96,120,96
505,-21.13%,6.88%,27.89%,9 days 05:25:43.000000000,78.77%,143.1940090898931,2735,1.3090663947411525,0.05577250000000222,57%,7,-34.04%,9 days 10:00:00.000000000,12,252,252
459,-7.18%,0.89%,9.75%,3 days 07:57:09.000000000,27.96%,91.29601509661018,2735,1.8916936293522193,0.050270370000006004,48%,21,-17.98%,1 days 09:00:00.000000000,45,12,252
345,-8.41%,0.97%,11.39%,4 days 00:06:19.000000000,36.68%,107.91403081440384,2276,1.6856249376498793,0.047867999999999356,47%,19,-22.04%,2 days 00:00:00.000000000,12,45,96
395,-7.21%,1.38%,14.25%,3 days 02:00:00.000000000,39.84%,106.35059552191062,2735,2.5412637761904007,0.0102578300000018,40%,25,-18.92%,5 days 06:00:00.000000000,45,12,120
298,-14.79%,1.61%,9.81%,5 days 04:36:00.000000000,24.66%,114.34094336552967,2276,1.2010299081903646,0.006157179999996432,67%,15,-27.85%,3 days 22:00:00.000000000,26,96,60
341,-10.27%,2.99%,16.24%,4 days 18:00:00.000000000,56.38%,134.43326022208012,2735,-0.9014441779506068,-0.004300940000001585,50%,16,-17.72%,4 days 11:00:00.000000000,96,26,96
96,-3.90%,0.38%,4.47%,0 days 22:16:22.000000000,19.54%,92.67532412634745,2509,1.2324955206035526,-0.009100549999977225,51%,88,-14.71%,0 days 14:00:00.000000000,5,60,12
110,-6.55%,1.29%,9.13%,3 days 10:27:16.000000000,21.56%,107.67227219034284,2735,1.8583890518759163,-0.04403354000000048,50%,22,-18.03%,4 days 03:00:00.000000000,120,96,12
327,-5.52%,2.10%,15.82%,5 days 12:55:43.000000000,26.27%,111.76682675870511,2735,-0.8280986783123582,-0.12545684000000012,36%,14,-15.63%,3 days 12:00:00.000000000,252,5,96
294,-9.03%,1.60%,8.69%,5 days 03:24:00.000000000,19.99%,125.97456682869517,2735,0.9975053014857119,-0.15774149000000204,60%,15,-20.80%,3 days 15:00:00.000000000,120,60,60
433,-10.38%,1.43%,9.30%,5 days 10:08:00.000000000,34.20%,109.64552612158987,2735,1.6544557782619027,-0.17409979999999747,60%,15,-13.89%,1 days 15:00:00.000000000,12,120,120
177,-6.56%,0.49%,9.62%,1 days 21:56:55.000000000,31.60%,99.08286101609234,2509,1.595026420891849,-0.20482713999999924,44%,39,-22.42%,1 days 03:00:00.000000000,12,120,26
149,-5.14%,0.51%,10.39%,2 days 07:34:33.000000000,24.35%,91.76521527000233,2735,1.3450582519964327,-0.2723771200000017,36%,33,-17.72%,3 days 06:00:00.000000000,96,26,26
399,-9.51%,1.20%,10.37%,6 days 00:41:32.000000000,26.82%,99.60684918954394,2735,2.217688365394233,-0.29199608999999827,54%,13,-14.92%,2 days 11:00:00.000000000,252,12,120
83,-5.16%,0.68%,8.38%,1 days 12:07:04.000000000,30.71%,95.73626140886677,2509,1.099799245649314,-0.3100850999999908,43%,51,-14.48%,1 days 00:00:00.000000000,45,26,12
325,-9.55%,2.02%,15.04%,4 days 10:03:32.000000000,36.10%,127.09623807834336,2509,0.12253493294171582,-0.3822223700000055,47%,17,-18.30%,4 days 03:00:00.000000000,96,5,96
89,-5.55%,0.56%,6.67%,1 days 08:56:54.000000000,27.31%,96.53742144258919,2418,1.2362143406317327,-0.4680540899999952,50%,58,-21.07%,1 days 02:00:00.000000000,12,45,12
40,-2.95%,0.30%,4.04%,0 days 10:04:30.000000000,20.93%,100.33390761054979,2288,1.1410282239156582,-0.4690697300000012,47%,187,-20.11%,0 days 19:00:00.000000000,5,96,5
488,-7.40%,1.53%,8.68%,3 days 06:43:20.000000000,30.31%,110.96888009733338,2735,0.9140271950460311,-0.4746030799999903,56%,18,-17.19%,5 days 06:00:00.000000000,5,96,252
497,-9.60%,0.78%,15.31%,4 days 21:00:00.000000000,32.69%,143.1940090898931,2017,-0.9289453124938158,-0.47811764999999784,42%,12,-21.40%,9 days 09:00:00.000000000,12,120,252
367,-16.61%,1.68%,16.93%,7 days 09:54:33.000000000,32.31%,95.00648537325812,2017,0.6838411017238654,-0.4874958499999962,55%,11,-35.37%,12 days 13:00:00.000000000,252,96,96
184,-4.59%,0.66%,7.84%,1 days 18:14:40.000000000,36.59%,95.64889841076574,2509,0.6134426964425331,-0.4950879800000042,42%,45,-12.90%,1 days 04:00:00.000000000,5,252,26
359,-11.14%,1.58%,10.67%,6 days 14:55:00.000000000,33.13%,102.35591678185772,2735,2.144807588975715,-0.5093796399999968,58%,12,-21.76%,4 days 00:00:00.000000000,252,60,96
432,-8.58%,1.66%,13.17%,4 days 18:31:46.000000000,35.10%,108.49593499505042,2735,0.763334373164095,-0.5241108099999977,47%,17,-17.00%,4 days 18:00:00.000000000,5,120,120
247,-7.67%,2.10%,19.68%,5 days 20:08:34.000000000,42.12%,104.35248734355243,2644,0.4978303654715473,-0.5341456999999972,36%,14,-15.52%,3 days 07:00:00.000000000,252,120,45
472,-8.56%,0.54%,8.12%,3 days 05:40:55.000000000,25.55%,106.78826041770134,2735,1.3947567589746181,-0.5441924300000036,55%,22,-18.73%,5 days 03:00:00.000000000,5,45,252
174,-9.86%,1.55%,10.42%,4 days 21:48:45.000000000,22.92%,122.02335074306538,2735,-1.5759229631296299,-0.5509424800000049,56%,16,-24.48%,4 days 00:00:00.000000000,120,96,26
490,-7.16%,1.76%,19.60%,4 days 21:45:00.000000000,35.89%,124.87997707133376,2735,-1.6498043876364539,-0.5627267399999953,33%,12,-16.29%,5 days 12:00:00.000000000,26,96,252
103,-7.31%,0.77%,10.09%,2 days 19:38:34.000000000,31.76%,103.7125687184503,2735,0.4869348828418368,-0.6282455099999963,46%,28,-25.59%,1 days 19:00:00.000000000,252,60,12
299,-13.15%,1.14%,8.28%,5 days 04:12:00.000000000,17.76%,125.76374924774254,2735,-0.01680096224242152,-0.6343904100000032,67%,15,-23.93%,3 days 22:00:00.000000000,45,96,60
458,-6.67%,0.76%,9.80%,2 days 05:27:06.000000000,34.55%,97.1484521361168,2017,1.102937980200001,-0.6432857800000034,45%,31,-17.95%,4 days 15:00:00.000000000,26,12,252
416,-5.88%,1.22%,14.54%,3 days 10:41:44.000000000,51.13%,108.75835356797677,2735,-1.5267941883144067,-0.6484303599999973,35%,23,-14.55%,5 days 07:00:00.000000000,5,60,120
243,-15.93%,1.57%,10.32%,4 days 23:00:00.000000000,31.29%,121.8137714119624,2276,0.3530244552733732,-0.7183337199999997,67%,15,-22.90%,4 days 04:00:00.000000000,45,120,45
507,-32.34%,6.38%,21.86%,9 days 01:42:51.000000000,75.14%,143.1940090898931,2735,2.1155681567961233,-0.7261998299999965,71%,7,-32.87%,9 days 15:00:00.000000000,45,252,252
491,-10.71%,1.98%,17.22%,5 days 09:00:00.000000000,34.05%,143.1940090898931,2735,-1.5704375339939838,-0.729268370000004,45%,11,-20.34%,5 days 18:00:00.000000000,45,96,252
470,-9.42%,1.47%,10.81%,4 days 15:27:42.000000000,28.97%,128.54054953394274,2735,-0.9939830460789115,-0.7667945499999995,54%,13,-18.27%,5 days 02:00:00.000000000,120,26,252
292,-9.38%,1.25%,11.88%,4 days 06:26:40.000000000,24.72%,141.54141692450787,2735,-1.5287892533786644,-0.7840816599999938,50%,18,-25.58%,3 days 20:00:00.000000000,60,60,60
411,-9.23%,1.56%,12.35%,5 days 18:42:51.000000000,49.84%,117.0555629935395,2735,0.05699480885291804,-0.8020414000000001,50%,14,-24.71%,3 days 12:00:00.000000000,45,45,120
49,-2.99%,0.21%,4.65%,0 days 14:46:03.000000000,24.55%,99.71060888750708,1964,1.9562943355963016,-0.8080940199999838,42%,129,-11.49%,0 days 18:00:00.000000000,12,120,5
257,-3.44%,0.43%,4.79%,0 days 21:25:25.000000000,23.71%,103.72972135116107,2735,-0.26871677583190723,-0.8201805099999998,47%,85,-13.70%,1 days 05:00:00.000000000,12,5,60
403,-7.94%,0.85%,14.66%,4 days 08:10:00.000000000,37.92%,104.58572564664892,2509,1.860646867027024,-0.8295872499999986,39%,18,-15.03%,5 days 08:00:00.000000000,45,26,120
231,-8.75%,2.91%,16.22%,5 days 03:00:00.000000000,38.00%,138.2280478678414,2735,-1.8941408960326402,-0.8316810600000037,47%,15,-24.16%,3 days 19:00:00.000000000,252,60,45
47,-4.82%,1.30%,8.24%,2 days 12:00:00.000000000,33.90%,122.62479826311518,2735,-1.1829840297953602,-0.8828129699999956,47%,32,-18.41%,2 days 08:00:00.000000000,252,96,5
342,-10.84%,1.36%,12.03%,5 days 04:44:00.000000000,34.98%,113.45885854517412,2735,0.49015479243463467,-0.904352640000002,53%,15,-14.31%,4 days 17:00:00.000000000,120,26,96
415,-12.52%,1.09%,14.69%,8 days 02:36:00.000000000,23.47%,100.2527583504126,2017,1.233042854706549,-0.9300026299999957,50%,10,-28.11%,13 days 11:00:00.000000000,252,45,120
326,-10.29%,2.49%,17.10%,5 days 02:24:00.000000000,47.81%,129.08755876088787,2735,0.3987746540324112,-0.9513576200000022,47%,15,-16.53%,4 days 15:00:00.000000000,120,5,96
434,-9.13%,1.53%,13.96%,6 days 06:00:00.000000000,35.02%,110.60298020274486,2735,1.0306990395949218,-1.0497591500000016,46%,13,-15.45%,1 days 12:00:00.000000000,26,120,120
425,-9.83%,1.83%,15.43%,6 days 03:23:05.000000000,44.61%,136.68701684465935,2735,-0.8226553719892351,-1.0863062900000018,46%,13,-14.54%,4 days 20:00:00.000000000,12,96,120
461,-8.31%,0.93%,14.78%,4 days 13:32:00.000000000,30.96%,114.93759770591699,2735,1.2477912750366145,-1.0966941300000006,40%,15,-17.95%,5 days 19:00:00.000000000,96,12,252
229,-8.77%,1.51%,14.36%,4 days 06:20:00.000000000,20.91%,161.24264185732486,2276,-1.436601852390071,-1.1037860600000038,44%,18,-21.34%,3 days 16:00:00.000000000,96,60,45
237,-10.30%,1.64%,12.08%,5 days 04:00:00.000000000,34.44%,138.0991093468863,2509,-2.591287247454895,-1.1475103000000015,53%,15,-27.49%,3 days 21:00:00.000000000,96,96,45
486,-8.57%,1.33%,16.18%,5 days 22:12:00.000000000,34.05%,143.1940090898931,2017,-0.07809623820990552,-1.1490483600000012,40%,10,-22.80%,9 days 11:00:00.000000000,120,60,252
423,-17.65%,0.48%,12.57%,8 days 02:24:00.000000000,22.22%,102.09885165482086,2017,0.7049195487350763,-1.1879936900000019,60%,10,-29.46%,13 days 03:00:00.000000000,252,60,120
84,-5.82%,0.59%,9.01%,1 days 18:45:00.000000000,27.49%,103.51677842232505,2509,1.419297391297928,-1.189523140000006,43%,44,-16.80%,0 days 06:00:00.000000000,60,26,12
460,-9.12%,-0.26%,7.78%,3 days 07:40:00.000000000,24.33%,107.98437378587953,2017,1.1638403593571103,-1.2218357099999966,52%,21,-18.83%,3 days 06:00:00.000000000,60,12,252
485,-9.69%,1.06%,11.81%,5 days 02:00:00.000000000,33.15%,143.1940090898931,2735,-1.760233685470322,-1.3631470799999998,50%,12,-19.91%,5 days 14:00:00.000000000,96,60,252
368,-7.85%,1.20%,16.27%,4 days 22:41:15.000000000,39.43%,114.73248591550708,2735,0.920424385094262,-1.415269229999995,38%,16,-17.82%,4 days 08:00:00.000000000,5,120,96
175,-10.05%,3.12%,20.69%,5 days 19:55:43.000000000,39.72%,132.78773712118348,2735,0.9791568276832954,-1.4259809100000003,43%,14,-25.76%,1 days 13:00:00.000000000,252,96,26
132,-5.13%,0.59%,8.30%,1 days 15:37:01.000000000,30.13%,106.14283959836843,2509,-0.08022037779914434,-1.4597958499999937,43%,47,-22.08%,1 days 04:00:00.000000000,60,5,26
334,-13.82%,1.56%,11.81%,5 days 03:04:00.000000000,41.40%,134.19587891991463,2735,-0.8388950836855696,-1.4609092300000006,60%,15,-18.84%,4 days 20:00:00.000000000,120,12,96
271,-10.25%,2.15%,16.31%,5 days 02:08:00.000000000,40.82%,142.62294339183913,2735,0.8893931281960874,-1.4614696699999983,47%,15,-21.57%,3 days 19:00:00.000000000,252,12,60
448,-3.39%,0.29%,3.32%,0 days 13:53:14.000000000,18.76%,129.91654541606442,2473,0.40054880614865396,-1.5199710900000052,55%,124,-14.02%,2 days 04:00:00.000000000,5,5,252
473,-9.89%,-0.24%,10.62%,4 days 03:56:28.000000000,20.55%,108.30048656186166,2735,-0.021995312226212895,-1.5267199800000084,47%,17,-21.49%,5 days 03:00:00.000000000,12,45,252
370,-10.37%,1.64%,23.25%,5 days 16:42:51.000000000,48.78%,114.28281134620393,2735,-0.39303590235058883,-1.5377961899999995,36%,14,-18.77%,2 days 18:00:00.000000000,26,120,96
285,-10.97%,1.01%,10.33%,4 days 19:07:30.000000000,18.83%,136.487266906207,2735,0.46392205117344526,-1.5521740100000019,56%,16,-25.99%,3 days 14:00:00.000000000,96,45,60
183,-10.77%,1.22%,19.20%,5 days 10:48:00.000000000,39.18%,105.8010105013834,2735,-2.058112996204445,-1.5797109200000006,40%,15,-18.02%,0 days 20:00:00.000000000,252,120,26
369,-9.96%,1.48%,16.74%,5 days 15:55:43.000000000,39.86%,127.86019300864059,2735,0.6653993045372292,-1.5935940000000013,43%,14,-16.89%,2 days 18:00:00.000000000,12,120,96
474,-9.81%,-0.39%,11.71%,4 days 09:37:30.000000000,25.93%,111.17379855896576,2735,-0.7017657624351622,-1.596777240000004,44%,16,-20.57%,5 days 04:00:00.000000000,26,45,252
131,-6.32%,0.60%,8.73%,1 days 13:40:48.000000000,26.40%,106.14262614795351,2509,2.2972916141208364,-1.6332721800000058,46%,50,-24.70%,1 days 03:00:00.000000000,45,5,26
92,-6.81%,0.79%,9.72%,2 days 03:47:02.000000000,38.34%,106.26048501922618,2509,-0.605770012240534,-1.6594273300000002,46%,37,-25.57%,4 days 09:00:00.000000000,60,45,12
194,-5.32%,0.40%,7.05%,1 days 11:35:33.000000000,26.45%,109.2792215701189,2509,2.0585599561595234,-1.7066372300000001,46%,54,-26.66%,4 days 12:00:00.000000000,26,5,45
409,-8.44%,0.70%,9.08%,3 days 10:26:05.000000000,40.82%,125.94929366336815,2509,-0.05522108761345782,-1.7105121499999973,52%,23,-17.56%,5 days 06:00:00.000000000,12,45,120
300,-10.70%,0.90%,8.64%,5 days 03:56:00.000000000,17.72%,146.53643613920605,2735,1.4971036976585064,-1.7211449700000045,60%,15,-16.60%,3 days 21:00:00.000000000,60,96,60
239,-9.07%,1.97%,21.83%,5 days 17:25:43.000000000,42.10%,124.03409423902349,2735,0.9124293270428725,-1.7229808300000058,36%,14,-24.49%,2 days 00:00:00.000000000,252,96,45
361,-12.15%,2.07%,14.52%,5 days 04:12:00.000000000,63.58%,133.73586642814104,2735,1.6950076738416051,-1.7421552299999994,53%,15,-16.44%,4 days 21:00:00.000000000,12,96,96
398,-8.97%,1.22%,12.86%,5 days 07:36:00.000000000,44.50%,130.63759059657855,2735,-0.45050317054069194,-1.759372030000001,47%,15,-15.10%,5 days 09:00:00.000000000,120,12,120
504,-17.13%,3.88%,21.39%,5 days 20:43:38.000000000,82.60%,143.1940090898931,2735,-2.9924767446512535,-1.7659112200000022,55%,11,-34.33%,10 days 01:00:00.000000000,5,252,252
468,-11.27%,-0.38%,10.52%,4 days 07:41:15.000000000,27.94%,116.29351233875975,2735,0.6755932766343399,-1.7841608300000056,50%,16,-19.67%,5 days 00:00:00.000000000,60,26,252
343,-8.03%,0.79%,20.63%,5 days 23:13:51.000000000,35.78%,121.62821818903844,2735,-2.431765027731181,-1.7987815599999983,31%,13,-15.64%,3 days 23:00:00.000000000,252,26,96
385,-3.89%,0.45%,5.91%,1 days 01:12:00.000000000,31.39%,136.2223418684698,2509,0.8409085199211883,-1.803102849999998,44%,70,-21.40%,3 days 09:00:00.000000000,12,5,120
469,-8.83%,-0.08%,9.91%,4 days 12:28:00.000000000,32.95%,140.29648091281936,2735,0.35299219628753425,-1.8090503899999977,47%,15,-17.61%,5 days 17:00:00.000000000,96,26,252
397,-9.11%,1.18%,12.93%,5 days 05:08:00.000000000,42.32%,133.64018372999325,2735,-1.0750166526303695,-1.8192836599999933,47%,15,-17.39%,5 days 08:00:00.000000000,96,12,120
351,-8.29%,0.91%,19.30%,6 days 13:40:00.000000000,39.39%,120.21258751769398,2735,0.957517762393211,-1.8489071799999999,33%,12,-19.93%,4 days 00:00:00.000000000,252,45,96
424,-9.08%,1.41%,15.39%,5 days 16:51:26.000000000,46.03%,142.99512931092505,2735,1.6254328543818206,-1.8777180200000094,43%,14,-16.56%,5 days 16:00:00.000000000,5,96,120
34,-4.03%,0.17%,4.96%,0 days 21:18:00.000000000,21.49%,113.23965070608327,2106,1.9050396470929878,-1.9125158900000074,47%,90,-14.29%,0 days 07:00:00.000000000,26,60,5
145,-6.22%,0.33%,8.31%,1 days 13:10:35.000000000,29.40%,108.42464407170142,2509,-0.21278095604550842,-1.9741876700000023,45%,51,-24.70%,1 days 03:00:00.000000000,12,26,26
41,-3.33%,0.33%,5.07%,0 days 14:20:37.000000000,24.03%,136.82999289186185,2509,-0.026934922394945545,-1.9967790299999935,44%,131,-19.47%,0 days 18:00:00.000000000,12,96,5
356,-11.67%,1.71%,13.41%,5 days 06:00:00.000000000,56.40%,128.91769717587835,2735,-0.8194216277235649,-2.0365435399999967,53%,15,-21.66%,3 days 17:00:00.000000000,60,60,96
489,-8.38%,0.91%,13.30%,4 days 04:51:26.000000000,33.25%,139.0893748693193,2735,-0.28100034734825813,-2.040537560000005,43%,14,-18.82%,5 days 08:00:00.000000000,12,96,252
57,-3.21%,0.14%,4.18%,0 days 14:33:42.000000000,19.12%,122.74049918811308,2436,1.8682656653862173,-2.042032049999995,45%,130,-11.42%,0 days 08:00:00.000000000,12,252,5
363,-11.39%,0.88%,17.23%,5 days 15:25:43.000000000,39.43%,112.44885532062843,2509,1.3972548414067452,-2.046597170000002,43%,14,-20.11%,2 days 23:00:00.000000000,45,96,96
482,-10.95%,0.43%,10.39%,4 days 14:48:00.000000000,35.03%,128.2592982998474,2735,0.3259474567141367,-2.054767699999993,53%,15,-20.11%,1 days 04:00:00.000000000,26,60,252
462,-10.56%,0.95%,10.81%,4 days 16:04:37.000000000,32.04%,121.62807246684244,2735,1.0293526152286026,-2.081023789999997,54%,13,-17.36%,5 days 03:00:00.000000000,120,12,252
502,-18.10%,1.94%,21.99%,9 days 14:00:00.000000000,39.60%,152.03305104078837,2017,0.40345788229103746,-2.088890329999996,50%,6,-27.27%,10 days 23:00:00.000000000,120,120,252
439,-18.83%,-1.80%,15.22%,9 days 16:22:30.000000000,23.75%,117.54434723116461,2017,0.8153752844435462,-2.1230822199999997,50%,8,-24.94%,11 days 16:00:00.000000000,252,120,120
492,-9.59%,0.89%,16.61%,5 days 22:12:00.000000000,34.09%,158.8188660051842,2735,-0.4725980465577092,-2.1528136800000057,40%,10,-20.73%,9 days 10:00:00.000000000,60,96,252
91,-5.36%,0.45%,8.53%,1 days 19:53:01.000000000,28.99%,111.11239381533761,2509,1.0657480750059074,-2.161216260000006,42%,43,-24.51%,1 days 07:00:00.000000000,45,45,12
295,-8.92%,1.57%,20.45%,5 days 14:08:34.000000000,33.90%,130.10353265202917,2735,-1.463904312942197,-2.195214270000005,36%,14,-30.90%,1 days 23:00:00.000000000,252,60,60
140,-6.19%,0.66%,8.95%,1 days 20:40:00.000000000,33.92%,113.45014033920242,2509,-2.23059991621958,-2.2523433900000027,45%,42,-21.93%,1 days 06:00:00.000000000,60,12,26
466,-8.47%,-0.10%,8.26%,3 days 03:40:55.000000000,27.23%,125.96852885033103,2735,-1.2990485953766235,-2.259904159999996,50%,22,-20.51%,1 days 10:00:00.000000000,26,26,252
167,-8.47%,0.90%,12.61%,4 days 08:06:40.000000000,38.26%,154.83092129698767,2735,-2.3892826736798,-2.2673654299999972,44%,18,-19.98%,2 days 17:00:00.000000000,252,60,26
287,-10.76%,2.12%,19.28%,5 days 13:04:17.000000000,41.77%,150.09830358115502,2735,-2.290773324154702,-2.268031160000004,43%,14,-20.57%,2 days 02:00:00.000000000,252,45,60
20,-4.73%,0.20%,7.13%,1 days 04:37:51.000000000,27.37%,114.78731214626589,2509,0.8961345426865562,-2.2846382099999953,42%,65,-14.79%,0 days 11:00:00.000000000,60,26,5
478,-7.80%,0.92%,18.35%,5 days 00:25:00.000000000,33.32%,143.1940090898931,2735,1.1488313010817732,-2.295308280000001,33%,12,-17.52%,5 days 15:00:00.000000000,120,45,252
494,-14.30%,1.49%,33.07%,9 days 08:30:00.000000000,44.03%,148.6980449946735,2017,-0.09406580243865975,-2.3075907100000035,33%,6,-27.14%,9 days 02:00:00.000000000,120,96,252
148,-6.99%,0.17%,7.73%,2 days 02:12:58.000000000,27.07%,114.65610596835543,2509,0.21486583761401978,-2.3247501200000125,49%,37,-20.26%,4 days 04:00:00.000000000,60,26,26
477,-9.17%,0.52%,13.43%,4 days 08:30:00.000000000,28.40%,141.89258849455092,2735,-0.8404657963643094,-2.3481773499999963,43%,14,-22.98%,5 days 03:00:00.000000000,96,45,252
435,-15.80%,0.34%,11.88%,6 days 17:45:00.000000000,27.47%,124.46593861629975,2644,0.39734207763215224,-2.3599740700000034,58%,12,-21.24%,4 days 23:00:00.000000000,45,120,120
414,-12.14%,0.99%,14.11%,6 days 17:40:00.000000000,26.98%,131.9107732938274,2735,1.561657821455475,-2.387299709999998,50%,12,-18.23%,4 days 18:00:00.000000000,120,45,120
87,-5.45%,0.33%,6.97%,1 days 17:23:43.000000000,34.81%,113.4008182534332,2509,0.35597912814771165,-2.393818249999997,47%,43,-19.77%,0 days 21:00:00.000000000,252,26,12
407,-12.35%,-0.05%,14.72%,7 days 07:05:27.000000000,33.90%,126.29843559268711,2735,2.1990340214055415,-2.4381735699999996,45%,11,-22.38%,13 days 15:00:00.000000000,252,26,120
115,-6.64%,0.36%,10.16%,2 days 03:40:00.000000000,25.01%,125.07543151556766,2735,2.296943532461432,-2.5643762100000016,42%,36,-26.43%,2 days 06:00:00.000000000,45,120,12
154,-7.70%,0.25%,7.80%,1 days 23:58:28.000000000,33.20%,116.49216251101102,2509,-2.4697322787487215,-2.578682990000015,51%,39,-26.83%,4 days 09:00:00.000000000,26,45,26
405,-7.93%,0.32%,13.52%,6 days 02:36:55.000000000,39.97%,139.4649937630951,2735,-0.3747723977714908,-2.5864303699999986,38%,13,-14.26%,1 days 21:00:00.000000000,96,26,120
144,-5.53%,0.29%,7.92%,1 days 07:46:00.000000000,26.40%,117.22907087067202,2509,-1.2245346196671845,-2.611276469999994,43%,60,-18.10%,1 days 02:00:00.000000000,5,26,26
506,-23.65%,3.66%,20.05%,8 days 00:07:30.000000000,71.83%,149.03718203526887,2735,-0.9123529943050337,-2.62005598,62%,8,-39.27%,9 days 12:00:00.000000000,26,252,252
463,-21.50%,1.96%,19.55%,7 days 13:25:43.000000000,38.41%,151.00908218759983,2735,-1.8908658634252762,-2.6566610299999964,57%,7,-26.85%,10 days 17:00:00.000000000,252,12,252
374,-14.37%,0.41%,10.97%,7 days 00:50:00.000000000,25.81%,134.37318391487443,2644,1.8653838633695603,-2.69650282,58%,12,-22.12%,4 days 00:00:00.000000000,120,120,96
419,-7.04%,0.23%,14.77%,5 days 10:20:00.000000000,45.97%,132.87889108474835,2735,-1.5912534852495983,-2.6975591000000003,33%,15,-22.51%,2 days 22:00:00.000000000,45,60,120
421,-11.01%,0.59%,12.19%,6 days 19:05:00.000000000,22.21%,134.99023218128107,2735,-0.7142486777591764,-2.7311789499999954,50%,12,-18.87%,4 days 17:00:00.000000000,96,60,120
404,-9.05%,-0.13%,11.34%,4 days 22:45:00.000000000,39.86%,134.43404517889698,2735,1.1190448766257708,-2.7503317799999936,44%,16,-14.59%,5 days 09:00:00.000000000,60,26,120
501,-17.50%,0.99%,19.48%,9 days 11:00:00.000000000,38.02%,158.79764495047482,2017,-1.4280729687583438,-2.7795234699999996,50%,6,-23.25%,11 days 00:00:00.000000000,96,120,252
386,-5.97%,0.70%,9.60%,1 days 18:47:09.000000000,46.30%,136.98631405575836,2509,1.7470975554929682,-2.801458480000008,43%,42,-24.91%,3 days 11:00:00.000000000,26,5,120
263,-8.56%,0.89%,10.34%,4 days 06:20:00.000000000,35.68%,170.86190809562,2735,1.2281267989850404,-2.8535784500000023,50%,18,-22.65%,3 days 22:00:00.000000000,252,5,60
456,-4.71%,0.17%,4.27%,1 days 00:06:00.000000000,19.64%,145.71907555975997,2735,-1.2505237350539722,-2.8995084100000152,54%,70,-20.56%,3 days 16:00:00.000000000,5,12,252
449,-4.67%,0.14%,4.83%,0 days 23:30:25.000000000,20.27%,161.56717959600866,2511,-1.35468518829531,-2.9323490300000143,51%,73,-20.56%,3 days 16:00:00.000000000,12,5,252
476,-10.58%,-0.08%,11.92%,4 days 13:36:00.000000000,30.69%,151.24570599600102,2735,0.25685641536130827,-3.0016121300000056,47%,15,-23.04%,1 days 05:00:00.000000000,60,45,252
431,-14.95%,-1.41%,15.52%,8 days 18:26:40.000000000,27.13%,134.58942012654364,2017,0.9549444880874625,-3.0102237600000006,44%,9,-28.24%,12 days 03:00:00.000000000,252,96,120
390,-7.85%,0.35%,12.08%,4 days 15:56:28.000000000,43.99%,144.75739368794578,2735,-1.5566567031739111,-3.060143589999997,41%,17,-18.92%,5 days 09:00:00.000000000,120,5,120
111,-8.54%,1.33%,10.38%,3 days 11:39:08.000000000,55.15%,148.9535483983305,2735,-1.2955214776287882,-3.093533599999996,52%,23,-19.37%,1 days 08:00:00.000000000,252,96,12
445,-15.44%,-3.05%,12.44%,8 days 06:20:00.000000000,20.17%,134.17024182011193,2017,0.24407516771721488,-3.148060329999997,44%,9,-23.98%,9 days 21:00:00.000000000,96,252,120
349,-11.88%,0.38%,11.10%,5 days 05:20:00.000000000,34.47%,140.67273110321796,2735,1.3437914975106284,-3.16442247,53%,15,-17.38%,3 days 04:00:00.000000000,96,45,96
15,-3.56%,0.12%,5.54%,0 days 19:04:28.000000000,20.50%,136.50815427081153,2509,0.8103585049357264,-3.1954777899999907,40%,94,-12.68%,0 days 04:00:00.000000000,252,12,5
465,-5.76%,-0.22%,9.02%,2 days 04:18:45.000000000,28.75%,129.49116423219985,2509,-1.0678324781485384,-3.219082470000003,38%,32,-19.00%,4 days 17:00:00.000000000,12,26,252
371,-11.01%,0.17%,18.06%,6 days 05:50:46.000000000,34.48%,130.68231953712376,2735,-1.9443724706752794,-3.2364316200000003,38%,13,-17.11%,2 days 20:00:00.000000000,45,120,96
372,-11.68%,-0.04%,13.55%,6 days 07:09:14.000000000,30.87%,134.16242423222752,2735,-1.6654209627697039,-3.2805382099999965,46%,13,-19.70%,2 days 22:00:00.000000000,60,120,96
420,-12.36%,-0.03%,12.29%,6 days 21:05:00.000000000,30.48%,136.3804822327661,2735,-0.4555232183676749,-3.281569219999999,50%,12,-19.60%,2 days 20:00:00.000000000,60,60,120
481,-7.94%,-0.72%,10.11%,3 days 11:00:00.000000000,29.12%,139.67213345061177,2735,1.0855052043151272,-3.3161585999999965,40%,20,-19.99%,5 days 14:00:00.000000000,12,60,252
467,-8.85%,-0.93%,9.97%,3 days 15:50:32.000000000,28.41%,137.76756320921595,2735,-0.1978695300622645,-3.329251340000003,42%,19,-22.25%,4 days 22:00:00.000000000,45,26,252
412,-9.97%,-0.11%,13.04%,5 days 19:34:17.000000000,38.52%,134.49514253809295,2735,-1.4133279064641684,-3.3464355500000016,43%,14,-21.87%,3 days 08:00:00.000000000,60,45,120
417,-8.50%,0.05%,10.75%,4 days 10:10:00.000000000,39.86%,135.6978807957515,2735,0.7961727728391236,-3.36887291,44%,18,-19.44%,5 days 10:00:00.000000000,12,60,120
310,-13.36%,1.25%,20.74%,5 days 18:12:51.000000000,45.28%,132.0491587133325,2735,1.0459963514056363,-3.379518809999997,43%,14,-20.77%,4 days 06:00:00.000000000,120,120,60
153,-5.95%,0.33%,9.76%,1 days 23:12:00.000000000,30.70%,125.34016624795983,2735,1.4717728424088743,-3.4411199400000063,40%,40,-24.55%,4 days 10:00:00.000000000,12,45,26
176,-6.56%,0.01%,7.47%,1 days 14:39:34.000000000,27.35%,124.89598424214539,2509,-1.213927939042645,-3.4769147399999945,47%,47,-27.33%,1 days 03:00:00.000000000,5,120,26
430,-15.57%,-0.98%,9.45%,6 days 20:25:00.000000000,18.64%,141.53677145743197,2484,-0.7035836035985656,-3.5048092599999974,58%,12,-23.25%,5 days 14:00:00.000000000,120,96,120
286,-14.24%,0.10%,9.66%,5 days 02:24:00.000000000,21.13%,154.80941346037767,2735,-1.4290758549632734,-3.5165783199999994,60%,15,-31.67%,3 days 11:00:00.000000000,120,45,60
455,-17.96%,1.29%,20.53%,6 days 14:30:00.000000000,40.14%,164.57237527451093,2735,0.8103302392661774,-3.5240965599999994,50%,8,-28.03%,10 days 16:00:00.000000000,252,5,252
16,-3.00%,0.04%,3.88%,0 days 10:42:34.000000000,26.06%,144.42914669014664,2484,0.8092790281544362,-3.5678124600000167,44%,179,-17.28%,0 days 13:00:00.000000000,5,26,5
152,-5.91%,0.15%,8.63%,1 days 15:26:15.000000000,26.93%,129.0292330664642,2735,1.4682242174312363,-3.578882460000011,42%,48,-25.70%,1 days 08:00:00.000000000,5,45,26
484,-11.11%,-0.91%,10.74%,4 days 13:12:00.000000000,31.14%,154.78351785586872,2735,-0.08645291225785443,-3.623093640000002,47%,15,-20.92%,5 days 01:00:00.000000000,60,60,252
418,-10.58%,0.08%,14.29%,5 days 18:12:51.000000000,41.76%,149.38667850980602,2735,0.9051215173885571,-3.6247838199999927,43%,14,-20.86%,2 days 20:00:00.000000000,26,60,120
413,-11.83%,-0.26%,11.30%,6 days 18:15:00.000000000,26.11%,149.32122813302027,2735,-1.3236808990758928,-3.65084013,50%,12,-19.34%,2 days 00:00:00.000000000,96,45,120
133,-5.45%,0.18%,8.97%,1 days 21:20:29.000000000,27.56%,133.25752761948027,2735,0.036662454218916035,-3.6652737700000033,39%,41,-15.57%,3 days 12:00:00.000000000,96,5,26
181,-12.88%,0.56%,11.02%,4 days 18:52:30.000000000,25.55%,158.14818365474122,2735,0.4420374297273952,-3.672269920000001,56%,16,-35.29%,3 days 21:00:00.000000000,96,120,26
358,-12.13%,0.17%,19.86%,6 days 05:36:55.000000000,38.65%,133.43060036231637,2509,-1.4949812236866544,-3.700325680000002,38%,13,-17.49%,5 days 08:00:00.000000000,120,60,96
293,-14.46%,-0.29%,9.16%,5 days 04:16:00.000000000,22.29%,155.89668751070283,2509,-1.519792531005124,-3.762837360000004,60%,15,-31.41%,3 days 16:00:00.000000000,96,60,60
366,-14.61%,0.14%,12.79%,6 days 09:09:14.000000000,32.04%,143.54243550129922,2735,2.2390663393162384,-3.774149229999996,54%,13,-25.02%,3 days 03:00:00.000000000,120,96,96
410,-8.13%,-0.31%,14.03%,4 days 16:10:35.000000000,43.54%,147.8129127924554,2735,0.6500398920751539,-3.795218669999996,35%,17,-17.39%,5 days 08:00:00.000000000,26,45,120
360,-11.85%,0.93%,13.71%,4 days 20:11:15.000000000,60.62%,160.1911513878784,2735,1.6806643620889532,-3.833811129999997,50%,16,-18.12%,4 days 02:00:00.000000000,5,96,96
429,-12.73%,-0.71%,11.31%,6 days 19:55:00.000000000,24.13%,166.58756097698642,2644,-2.604163685564268,-3.848300480000002,50%,12,-20.66%,4 days 01:00:00.000000000,96,96,120
464,-5.05%,-0.11%,7.91%,1 days 16:01:26.000000000,25.40%,142.010025718191,2735,-1.5494121151699642,-4.066354640000003,38%,42,-13.20%,3 days 04:00:00.000000000,5,26,252
193,-4.24%,0.08%,5.50%,1 days 00:01:31.000000000,35.47%,134.298126121728,2509,1.4694203991613226,-4.082287700000002,44%,79,-17.18%,0 days 10:00:00.000000000,12,5,45
357,-11.12%,-0.80%,17.78%,5 days 16:42:51.000000000,28.73%,139.02347495915132,2735,1.7218593305302456,-4.282086009999998,36%,14,-23.42%,10 days 12:00:00.000000000,96,60,96
139,-6.38%,0.11%,9.65%,1 days 21:25:43.000000000,30.50%,131.15544753558694,2509,2.3776826841569356,-4.347765119999991,40%,42,-21.54%,1 days 05:00:00.000000000,45,12,26
17,-3.43%,-0.09%,4.34%,0 days 14:10:13.000000000,20.95%,148.92241455374517,2509,-2.028711144741495,-4.521877680000008,43%,135,-14.29%,0 days 07:00:00.000000000,12,26,5
362,-11.90%,-0.07%,13.45%,5 days 04:40:00.000000000,51.51%,160.5140165099341,2735,1.3117084497135838,-4.708089949999996,47%,15,-20.77%,4 days 06:00:00.000000000,26,96,96
350,-11.96%,-0.84%,16.95%,6 days 04:04:37.000000000,37.72%,143.74393901156876,2735,-0.7668707717146859,-4.725434029999998,38%,13,-21.60%,10 days 10:00:00.000000000,120,45,96
223,-11.42%,0.49%,11.08%,4 days 10:10:35.000000000,38.77%,202.78585904516692,2735,-1.7439657394548536,-4.76276321,53%,17,-21.37%,3 days 17:00:00.000000000,252,45,45
365,-11.84%,-1.00%,16.33%,6 days 08:00:00.000000000,27.47%,150.9999736966385,2735,1.3942782768148987,-4.822144869999999,38%,13,-20.63%,3 days 03:00:00.000000000,96,96,96
475,-13.45%,-1.64%,10.18%,4 days 08:11:15.000000000,27.23%,171.26781543457903,2735,1.5767584899811338,-5.04635648,50%,16,-28.99%,1 days 10:00:00.000000000,45,45,252
495,-19.94%,0.89%,42.56%,9 days 12:40:00.000000000,55.76%,222.6564490437408,2774,-1.098947369463764,-5.111808950000005,33%,6,-41.18%,10 days 10:00:00.000000000,252,96,252
48,-3.04%,0.07%,4.27%,0 days 10:39:13.000000000,36.11%,171.282229531031,1964,2.1203308839554014,-5.326956039999987,42%,179,-16.51%,0 days 04:00:00.000000000,5,120,5
446,-17.24%,-5.93%,12.91%,9 days 07:30:00.000000000,15.05%,190.02642727425405,2017,-0.1879223241883616,-5.369716150000001,38%,8,-24.83%,10 days 13:00:00.000000000,120,252,120
483,-10.38%,-1.60%,11.57%,4 days 14:32:00.000000000,30.05%,191.7003131616637,2735,0.784771424587662,-5.519585919999994,40%,15,-27.11%,1 days 02:00:00.000000000,45,60,252
487,-17.28%,-1.07%,31.34%,9 days 02:10:00.000000000,43.86%,213.70567424122297,2735,-1.4868650830185346,-5.523006869999999,33%,6,-34.62%,10 days 15:00:00.000000000,252,60,252
471,-19.08%,-1.82%,32.70%,8 days 20:40:00.000000000,37.77%,230.78852360019494,2735,-1.7323016742595576,-5.654364620000001,33%,6,-35.90%,10 days 19:00:00.000000000,252,26,252
26,-5.07%,-0.03%,5.40%,0 days 23:20:00.000000000,23.08%,156.2068783892125,2509,-1.2978049920984258,-5.843169520000001,48%,81,-15.56%,2 days 04:00:00.000000000,26,45,5
364,-12.27%,-1.15%,18.86%,5 days 17:04:17.000000000,47.35%,160.0606697982825,2735,-0.07340202248849277,-5.865581470000006,36%,14,-20.62%,5 days 12:00:00.000000000,60,96,96
147,-6.85%,-0.27%,9.01%,1 days 22:04:23.000000000,33.19%,148.76636037494748,2509,1.2612594073314116,-5.899429070000001,41%,41,-26.32%,4 days 12:00:00.000000000,45,26,26
146,-6.48%,-0.46%,8.56%,1 days 18:28:00.000000000,28.96%,154.25026148565343,2509,-0.8417058195177285,-6.336116330000008,40%,45,-21.03%,1 days 04:00:00.000000000,26,26,26
436,-15.01%,-2.16%,10.69%,6 days 18:15:00.000000000,20.69%,208.16208757048327,2644,-0.10862925278652878,-6.337957360000002,50%,12,-24.70%,3 days 22:00:00.000000000,60,120,120
437,-18.51%,-2.36%,9.17%,6 days 19:15:00.000000000,18.64%,191.53400939686668,2644,1.0720603772088981,-6.677363259999992,58%,12,-24.34%,3 days 19:00:00.000000000,96,120,120
3,-3.02%,-0.11%,4.48%,0 days 11:11:18.000000000,24.78%,187.94381929229655,2522,-1.7137763306005898,-6.682458069999974,39%,170,-10.78%,0 days 13:00:00.000000000,45,5,5
27,-6.01%,-0.30%,7.31%,1 days 10:37:30.000000000,27.01%,160.2018935333009,2509,1.5673591243355154,-6.710696850000005,43%,56,-17.33%,1 days 21:00:00.000000000,45,45,5
33,-3.52%,-0.18%,3.93%,0 days 13:05:02.000000000,16.00%,182.00886586485677,2276,2.741392107575178,-6.980545479999997,45%,143,-12.17%,0 days 07:00:00.000000000,12,60,5
479,-20.84%,-3.30%,31.78%,8 days 23:40:00.000000000,44.47%,222.3058400777903,2735,0.1739298444889569,-7.010814649999999,33%,6,-34.36%,10 days 17:00:00.000000000,252,45,252
438,-15.51%,-2.58%,10.36%,6 days 19:25:00.000000000,15.16%,196.28384639588464,2644,-1.67890110215842,-7.11752038,50%,12,-28.47%,3 days 15:00:00.000000000,120,120,120
192,-3.38%,-0.16%,3.61%,0 days 12:18:33.000000000,32.53%,197.19168909970787,2438,1.1052623803653616,-7.7866389899999975,46%,152,-15.49%,0 days 08:00:00.000000000,5,5,45
128,-3.03%,-0.01%,4.62%,0 days 11:50:27.000000000,36.85%,154.38687383873147,2522,-1.5626398761786366,-8.16046037000002,39%,157,-14.71%,0 days 14:00:00.000000000,5,5,26
4,-2.95%,-0.20%,4.16%,0 days 10:34:05.000000000,19.24%,217.23909896148564,2522,3.0834271497079886,-8.442125819999976,39%,176,-9.85%,0 days 13:00:00.000000000,60,5,5
24,-2.93%,-0.12%,3.40%,0 days 09:34:38.000000000,17.24%,216.64887939508003,2522,2.8157201143302646,-8.588841869999996,44%,194,-11.97%,0 days 05:00:00.000000000,5,45,5
64,-3.35%,-0.04%,3.35%,0 days 10:23:44.000000000,30.41%,430.971759205418,2742,1.33939161949003,-8.857935209999997,49%,182,-16.55%,0 days 10:00:00.000000000,5,5,12
9,-3.77%,-0.24%,3.82%,0 days 12:18:26.000000000,15.04%,309.82676590582565,2522,-1.3710737524843317,-8.935765919999998,46%,153,-13.60%,0 days 10:00:00.000000000,12,12,5
25,-4.08%,-0.22%,4.53%,0 days 13:31:46.000000000,26.74%,180.34428467137172,2522,0.08710247488368293,-9.20688926,45%,136,-16.97%,0 days 15:00:00.000000000,12,45,5
256,-3.73%,-0.19%,3.84%,0 days 13:00:52.000000000,23.69%,231.0563321753846,2735,-1.6920379496290316,-9.417045630000006,47%,139,-16.01%,0 days 06:00:00.000000000,5,5,60
32,-2.98%,-0.26%,3.56%,0 days 09:56:28.000000000,12.60%,234.70939888547497,2484,-1.7374257340351562,-9.723502329999972,42%,187,-11.13%,0 days 07:00:00.000000000,5,60,5
6,-3.04%,-0.34%,3.51%,0 days 10:40:27.000000000,17.55%,258.209768931154,2039,2.0653984449470197,-10.342962979999994,41%,175,-12.52%,0 days 04:00:00.000000000,120,5,5
7,-2.85%,-0.33%,4.05%,0 days 11:02:52.000000000,18.68%,370.0555118823091,2522,1.1402053653326614,-12.366836089999987,37%,167,-11.82%,0 days 04:00:00.000000000,252,5,5
2,-3.19%,-0.39%,3.57%,0 days 10:20:59.000000000,14.77%,402.92528039078866,2017,2.1361877271641827,-12.745393450000007,42%,183,-21.11%,0 days 22:00:00.000000000,26,5,5
5,-3.15%,-0.52%,4.19%,0 days 10:45:47.000000000,19.26%,490.90660391080274,2735,0.31742547474645594,-14.553777789999982,36%,173,-10.63%,0 days 14:00:00.000000000,96,5,5
0,-2.99%,-0.31%,3.02%,0 days 07:35:31.000000000,13.53%,386.0713135007083,2738,-1.4318697176200639,-16.81398953,44%,245,-15.42%,0 days 05:00:00.000000000,5,5,5
1,-3.63%,-0.51%,3.00%,0 days 08:56:15.000000000,12.29%,676.9063284115481,2522,-0.33140015116324223,-17.886508949999968,47%,208,-17.85%,0 days 08:00:00.000000000,12,5,5
8,-3.56%,-0.87%,3.19%,0 days 10:23:17.000000000,11.26%,953.0737665383958,2750,2.235641060818614,-23.68899880999997,40%,183,-24.47%,1 days 03:00:00.000000000,5,12,5
