,open,close,high,low,volume
2014-01-02 00:00:00.005,1.566,1.558,1.567,1.552,287784770.0
2014-01-03 00:00:00.005,1.552,1.535,1.553,1.531,416293336.0
2014-01-06 00:00:00.005,1.533,1.513,1.533,1.5,492912375.0
2014-01-07 00:00:00.005,1.503,1.512,1.515,1.499,313911842.0
2014-01-08 00:00:00.005,1.512,1.513,1.526,1.503,431202598.0
2014-01-09 00:00:00.005,1.508,1.503,1.524,1.501,511350611.0
2014-01-10 00:00:00.005,1.502,1.497,1.507,1.493,421332191.0
2014-01-13 00:00:00.005,1.498,1.491,1.507,1.489,640383245.0
2014-01-14 00:00:00.005,1.492,1.495,1.502,1.481,469859801.0
2014-01-15 00:00:00.005,1.495,1.487,1.495,1.478,307782488.0
2014-01-16 00:00:00.005,1.487,1.49,1.501,1.481,324563690.0
2014-01-17 00:00:00.005,1.485,1.473,1.488,1.47,354405852.0
2014-01-20 00:00:00.005,1.473,1.465,1.474,1.458,341205358.0
2014-01-21 00:00:00.005,1.467,1.474,1.486,1.466,369079217.0
2014-01-22 00:00:00.005,1.479,1.513,1.515,1.476,521483868.0
2014-01-23 00:00:00.005,1.51,1.499,1.512,1.495,289789704.0
2014-01-24 00:00:00.005,1.491,1.499,1.514,1.49,404345306.0
2014-01-27 00:00:00.005,1.49,1.478,1.492,1.475,310891575.0
2014-01-28 00:00:00.005,1.48,1.486,1.491,1.477,262287472.0
2014-01-29 00:00:00.005,1.49,1.492,1.495,1.487,187728766.0
2014-01-30 00:00:00.005,1.49,1.475,1.49,1.475,218609648.0
2014-02-07 00:00:00.005,1.465,1.472,1.473,1.459,245496892.0
2014-02-10 00:00:00.005,1.477,1.501,1.503,1.477,460391272.0
2014-02-11 00:00:00.005,1.5,1.526,1.533,1.496,623025669.0
2014-02-12 00:00:00.005,1.528,1.522,1.535,1.519,401730675.0
2014-02-13 00:00:00.005,1.52,1.527,1.545,1.516,456395765.0
2014-02-14 00:00:00.005,1.524,1.53,1.532,1.523,266987794.0
2014-02-17 00:00:00.005,1.545,1.534,1.546,1.526,387485305.0
2014-02-18 00:00:00.005,1.532,1.506,1.532,1.501,515769337.0
2014-02-19 00:00:00.005,1.505,1.529,1.54,1.501,663320629.0
2014-02-20 00:00:00.005,1.534,1.518,1.554,1.516,623963770.0
2014-02-21 00:00:00.005,1.515,1.502,1.521,1.496,328483521.0
2014-02-24 00:00:00.005,1.488,1.467,1.488,1.458,468732567.0
2014-02-25 00:00:00.005,1.467,1.44,1.474,1.436,458014458.0
2014-02-26 00:00:00.005,1.432,1.44,1.446,1.429,387057259.0
2014-02-27 00:00:00.005,1.444,1.451,1.46,1.433,455763249.0
2014-02-28 00:00:00.005,1.449,1.461,1.465,1.432,464017930.0
2014-03-03 00:00:00.005,1.458,1.458,1.465,1.45,319773651.0
2014-03-04 00:00:00.005,1.453,1.459,1.465,1.447,332570243.0
2014-03-05 00:00:00.005,1.462,1.444,1.464,1.444,254666918.0
2014-03-06 00:00:00.005,1.443,1.456,1.463,1.434,421893834.0
2014-03-07 00:00:00.005,1.455,1.452,1.47,1.449,319640326.0
2014-03-10 00:00:00.005,1.443,1.408,1.444,1.406,432830984.0
2014-03-11 00:00:00.005,1.408,1.41,1.421,1.402,433139682.0
2014-03-12 00:00:00.005,1.407,1.414,1.428,1.402,419262849.0
2014-03-13 00:00:00.005,1.425,1.434,1.449,1.418,457767208.0
2014-03-14 00:00:00.005,1.429,1.422,1.436,1.416,196209439.0
2014-03-17 00:00:00.005,1.433,1.434,1.437,1.422,250946201.0
2014-03-18 00:00:00.005,1.434,1.425,1.437,1.424,245516577.0
2014-03-19 00:00:00.005,1.423,1.419,1.423,1.406,331866195.0
2014-03-20 00:00:00.005,1.412,1.408,1.434,1.407,379443759.0
2014-03-21 00:00:00.005,1.406,1.463,1.468,1.403,825467935.0
2014-03-24 00:00:00.005,1.466,1.476,1.485,1.46,641134152.0
2014-03-25 00:00:00.005,1.47,1.465,1.482,1.463,383350604.0
2014-03-26 00:00:00.005,1.472,1.463,1.477,1.46,323369498.0
2014-03-27 00:00:00.005,1.46,1.464,1.485,1.45,546016226.0
2014-03-28 00:00:00.005,1.464,1.471,1.481,1.462,564255706.0
2014-03-31 00:00:00.005,1.475,1.464,1.476,1.454,364409953.0
2014-04-01 00:00:00.005,1.464,1.469,1.479,1.459,446023933.0
2014-04-02 00:00:00.005,1.471,1.488,1.491,1.47,619125380.0
2014-04-03 00:00:00.005,1.495,1.475,1.502,1.475,557376855.0
2014-04-04 00:00:00.005,1.473,1.488,1.489,1.466,491083367.0
2014-04-08 00:00:00.005,1.485,1.532,1.54,1.485,863753791.0
2014-04-09 00:00:00.005,1.534,1.528,1.536,1.524,399524202.0
2014-04-10 00:00:00.005,1.529,1.567,1.585,1.519,876352839.0
2014-04-11 00:00:00.005,1.567,1.561,1.572,1.551,584037237.0
2014-04-14 00:00:00.005,1.56,1.552,1.565,1.545,403141730.0
2014-04-15 00:00:00.005,1.548,1.522,1.548,1.517,501375829.0
2014-04-16 00:00:00.005,1.516,1.522,1.534,1.512,432877715.0
2014-04-17 00:00:00.005,1.529,1.516,1.53,1.513,327915707.0
2014-04-18 00:00:00.005,1.51,1.515,1.521,1.499,468765122.0
2014-04-21 00:00:00.005,1.504,1.489,1.523,1.488,450441299.0
2014-04-22 00:00:00.005,1.488,1.505,1.508,1.485,486762656.0
2014-04-23 00:00:00.005,1.5,1.505,1.513,1.498,387478247.0
2014-04-24 00:00:00.005,1.504,1.509,1.521,1.5,363321364.0
2014-04-25 00:00:00.005,1.513,1.5,1.519,1.499,397264696.0
2014-04-28 00:00:00.005,1.498,1.483,1.501,1.48,376856390.0
2014-04-29 00:00:00.005,1.483,1.493,1.495,1.477,475628329.0
2014-04-30 00:00:00.005,1.492,1.492,1.495,1.487,282706603.0
2014-05-05 00:00:00.005,1.489,1.483,1.49,1.471,320350617.0
2014-05-06 00:00:00.005,1.479,1.481,1.495,1.478,353322540.0
2014-05-07 00:00:00.005,1.478,1.473,1.481,1.471,315653653.0
2014-05-08 00:00:00.005,1.471,1.476,1.496,1.469,525161995.0
2014-05-09 00:00:00.005,1.479,1.476,1.481,1.471,411218299.0
2014-05-12 00:00:00.005,1.487,1.503,1.507,1.478,632071353.0
2014-05-13 00:00:00.005,1.502,1.496,1.505,1.495,288566225.0
2014-05-14 00:00:00.005,1.497,1.498,1.506,1.495,243800548.0
2014-05-15 00:00:00.005,1.497,1.484,1.498,1.484,317292116.0
2014-05-16 00:00:00.005,1.484,1.481,1.489,1.478,289055548.0
2014-05-19 00:00:00.005,1.477,1.457,1.477,1.451,404180185.0
2014-05-20 00:00:00.005,1.462,1.455,1.465,1.453,262512561.0
2014-05-21 00:00:00.005,1.453,1.469,1.471,1.443,380416867.0
2014-05-22 00:00:00.005,1.468,1.466,1.49,1.465,459244838.0
2014-05-23 00:00:00.005,1.467,1.48,1.482,1.467,367558067.0
2014-05-26 00:00:00.005,1.486,1.482,1.495,1.477,350940194.0
2014-05-27 00:00:00.005,1.483,1.478,1.486,1.476,302460431.0
2014-05-28 00:00:00.005,1.478,1.488,1.49,1.47,366135259.0
2014-05-29 00:00:00.005,1.489,1.482,1.493,1.481,361175390.0
2014-05-30 00:00:00.005,1.481,1.477,1.485,1.474,296468316.0
2014-06-03 00:00:00.005,1.478,1.473,1.488,1.473,274254463.0
2014-06-04 00:00:00.005,1.473,1.464,1.474,1.458,265025045.0
2014-06-05 00:00:00.005,1.463,1.481,1.482,1.46,276642510.0
2014-06-06 00:00:00.005,1.481,1.469,1.481,1.461,286439052.0
2014-06-09 00:00:00.005,1.463,1.472,1.488,1.461,434378138.0
2014-06-10 00:00:00.005,1.477,1.49,1.49,1.471,463991339.0
2014-06-11 00:00:00.005,1.484,1.484,1.488,1.48,324852247.0
2014-06-12 00:00:00.005,1.483,1.481,1.487,1.48,262987273.0
2014-06-13 00:00:00.005,1.48,1.5,1.506,1.479,494442345.0
2014-06-16 00:00:00.005,1.5,1.516,1.52,1.498,620840629.0
2014-06-17 00:00:00.005,1.512,1.502,1.512,1.501,430793801.0
2014-06-18 00:00:00.005,1.502,1.496,1.505,1.495,389876848.0
2014-06-19 00:00:00.005,1.496,1.478,1.501,1.474,454067501.0
2014-06-20 00:00:00.005,1.479,1.485,1.487,1.478,390180051.0
2014-06-23 00:00:00.005,1.486,1.48,1.493,1.479,317678975.0
2014-06-24 00:00:00.005,1.48,1.489,1.49,1.479,264853994.0
2014-06-25 00:00:00.005,1.49,1.482,1.49,1.48,229750973.0
2014-06-26 00:00:00.005,1.484,1.49,1.492,1.483,297557451.0
2014-06-27 00:00:00.005,1.489,1.486,1.495,1.483,300442215.0
2014-06-30 00:00:00.005,1.487,1.497,1.5,1.487,428760879.0
2014-07-01 00:00:00.005,1.504,1.493,1.505,1.489,289802303.0
2014-07-02 00:00:00.005,1.495,1.501,1.502,1.491,396305632.0
2014-07-03 00:00:00.005,1.5,1.505,1.509,1.497,419994634.0
2014-07-04 00:00:00.005,1.504,1.51,1.512,1.504,351333924.0
2014-07-07 00:00:00.005,1.51,1.511,1.514,1.506,273888363.0
2014-07-08 00:00:00.005,1.51,1.508,1.511,1.501,285635987.0
2014-07-09 00:00:00.005,1.508,1.492,1.509,1.492,379637560.0
2014-07-10 00:00:00.005,1.492,1.491,1.496,1.487,255357875.0
2014-07-11 00:00:00.005,1.49,1.498,1.503,1.49,242832832.0
2014-07-14 00:00:00.005,1.499,1.511,1.512,1.496,270744513.0
2014-07-15 00:00:00.005,1.511,1.513,1.516,1.508,240586186.0
2014-07-16 00:00:00.005,1.513,1.512,1.52,1.511,295883611.0
2014-07-17 00:00:00.005,1.51,1.507,1.513,1.504,234209008.0
2014-07-18 00:00:00.005,1.506,1.516,1.522,1.504,326389533.0
2014-07-21 00:00:00.005,1.516,1.515,1.521,1.512,211434139.0
2014-07-22 00:00:00.005,1.512,1.533,1.537,1.511,423261270.0
2014-07-23 00:00:00.005,1.533,1.545,1.55,1.532,458987544.0
2014-07-24 00:00:00.005,1.545,1.58,1.584,1.545,756626096.0
2014-07-25 00:00:00.005,1.583,1.596,1.596,1.577,565665513.0
2014-07-28 00:00:00.005,1.602,1.647,1.656,1.602,1005061010.0
2014-07-29 00:00:00.005,1.648,1.65,1.658,1.641,526852119.0
2014-07-30 00:00:00.005,1.647,1.642,1.661,1.641,460145520.0
2014-07-31 00:00:00.005,1.642,1.666,1.667,1.639,458903313.0
2014-08-01 00:00:00.005,1.66,1.649,1.682,1.648,826284545.0
2014-08-04 00:00:00.005,1.656,1.685,1.687,1.651,733984208.0
2014-08-05 00:00:00.005,1.686,1.672,1.687,1.663,602999517.0
2014-08-06 00:00:00.005,1.661,1.658,1.669,1.643,613115284.0
2014-08-07 00:00:00.005,1.659,1.633,1.663,1.631,555214875.0
2014-08-08 00:00:00.005,1.636,1.637,1.643,1.628,364971249.0
2014-08-11 00:00:00.005,1.644,1.659,1.664,1.64,494120452.0
2014-08-12 00:00:00.005,1.656,1.647,1.656,1.642,317461240.0
2014-08-13 00:00:00.005,1.649,1.651,1.661,1.637,378912142.0
2014-08-14 00:00:00.005,1.652,1.637,1.655,1.637,358514146.0
2014-08-15 00:00:00.005,1.638,1.653,1.658,1.635,516503582.0
2014-08-18 00:00:00.005,1.655,1.654,1.664,1.648,459561802.0
2014-08-19 00:00:00.005,1.656,1.649,1.659,1.641,386939191.0
2014-08-20 00:00:00.005,1.646,1.645,1.648,1.64,332418253.0
2014-08-21 00:00:00.005,1.64,1.629,1.644,1.62,406796709.0
2014-08-22 00:00:00.005,1.627,1.635,1.641,1.624,362220800.0
2014-08-25 00:00:00.005,1.637,1.62,1.639,1.618,414720926.0
2014-08-26 00:00:00.005,1.618,1.617,1.626,1.612,446426124.0
2014-08-27 00:00:00.005,1.617,1.615,1.621,1.613,319048260.0
2014-08-28 00:00:00.005,1.616,1.612,1.622,1.609,445464206.0
2014-08-29 00:00:00.005,1.612,1.623,1.624,1.61,467579361.0
2014-09-01 00:00:00.005,1.622,1.626,1.628,1.616,578407992.0
2014-09-02 00:00:00.005,1.629,1.649,1.652,1.621,696721007.0
2014-09-03 00:00:00.005,1.655,1.667,1.671,1.652,667050820.0
2014-09-04 00:00:00.005,1.669,1.679,1.681,1.663,551680423.0
2014-09-05 00:00:00.005,1.685,1.699,1.702,1.682,565091478.0
2014-09-09 00:00:00.005,1.699,1.685,1.702,1.684,484590455.0
2014-09-10 00:00:00.005,1.679,1.671,1.679,1.667,488219054.0
2014-09-11 00:00:00.005,1.671,1.666,1.692,1.66,579329066.0
2014-09-12 00:00:00.005,1.661,1.675,1.676,1.657,381478857.0
2014-09-15 00:00:00.005,1.663,1.669,1.672,1.656,392154004.0
2014-09-16 00:00:00.005,1.67,1.644,1.672,1.642,526996634.0
2014-09-17 00:00:00.005,1.651,1.648,1.654,1.64,519199216.0
2014-09-18 00:00:00.005,1.646,1.652,1.66,1.64,483338263.0
2014-09-19 00:00:00.005,1.652,1.665,1.667,1.648,394677527.0
2014-09-22 00:00:00.005,1.657,1.628,1.657,1.623,418604312.0
2014-09-23 00:00:00.005,1.628,1.64,1.641,1.627,621001146.0
2014-09-24 00:00:00.005,1.633,1.672,1.673,1.628,640543788.0
2014-09-25 00:00:00.005,1.68,1.661,1.682,1.66,499306571.0
2014-09-26 00:00:00.005,1.659,1.662,1.664,1.649,356402542.0
2014-09-29 00:00:00.005,1.665,1.667,1.67,1.656,653669449.0
2014-09-30 00:00:00.005,1.667,1.666,1.668,1.66,291936674.0
2014-10-08 00:00:00.005,1.668,1.676,1.676,1.66,387555093.0
2014-10-09 00:00:00.005,1.677,1.677,1.682,1.669,370599742.0
2014-10-10 00:00:00.005,1.667,1.664,1.674,1.661,354325213.0
2014-10-13 00:00:00.005,1.66,1.653,1.66,1.641,384191511.0
2014-10-14 00:00:00.005,1.648,1.643,1.66,1.639,346573165.0
2014-10-15 00:00:00.005,1.644,1.66,1.661,1.637,379535347.0
2014-10-16 00:00:00.005,1.651,1.655,1.673,1.646,443401634.0
2014-10-17 00:00:00.005,1.656,1.65,1.661,1.639,485893117.0
2014-10-20 00:00:00.005,1.656,1.655,1.659,1.649,330949202.0
2014-10-21 00:00:00.005,1.655,1.646,1.659,1.645,348298195.0
2014-10-22 00:00:00.005,1.646,1.644,1.658,1.642,404664342.0
2014-10-23 00:00:00.005,1.643,1.632,1.649,1.631,421969273.0
2014-10-24 00:00:00.005,1.633,1.629,1.637,1.627,366086224.0
2014-10-27 00:00:00.005,1.619,1.604,1.619,1.602,436866687.0
2014-10-28 00:00:00.005,1.607,1.629,1.631,1.606,451252034.0
2014-10-29 00:00:00.005,1.636,1.651,1.661,1.631,428852463.0
2014-10-30 00:00:00.005,1.651,1.663,1.67,1.646,367772595.0
2014-10-31 00:00:00.005,1.669,1.705,1.715,1.669,667371380.0
2014-11-03 00:00:00.005,1.706,1.695,1.71,1.693,481080054.0
2014-11-04 00:00:00.005,1.691,1.69,1.696,1.686,435722081.0
2014-11-05 00:00:00.005,1.691,1.685,1.693,1.679,416084561.0
2014-11-06 00:00:00.005,1.687,1.682,1.693,1.674,468757340.0
2014-11-07 00:00:00.005,1.682,1.687,1.716,1.679,583039095.0
2014-11-10 00:00:00.005,1.715,1.735,1.737,1.704,568984178.0
2014-11-11 00:00:00.005,1.747,1.757,1.788,1.741,849723103.0
2014-11-12 00:00:00.005,1.749,1.776,1.778,1.743,513409601.0
2014-11-13 00:00:00.005,1.78,1.775,1.798,1.768,581907438.0
2014-11-14 00:00:00.005,1.77,1.774,1.775,1.756,487767130.0
2014-11-17 00:00:00.005,1.763,1.709,1.768,1.708,427945677.0
2014-11-18 00:00:00.005,1.711,1.684,1.715,1.681,383172704.0
2014-11-19 00:00:00.005,1.683,1.675,1.686,1.67,427270620.0
2014-11-20 00:00:00.005,1.67,1.678,1.686,1.665,449205866.0
2014-11-21 00:00:00.005,1.68,1.72,1.723,1.673,594090950.0
2014-11-24 00:00:00.005,1.728,1.759,1.78,1.727,764341555.0
2014-11-25 00:00:00.005,1.757,1.774,1.78,1.754,757433705.0
2014-11-26 00:00:00.005,1.782,1.816,1.816,1.782,630577662.0
2014-11-27 00:00:00.005,1.828,1.851,1.852,1.825,716636294.0
2014-11-28 00:00:00.005,1.851,1.912,1.918,1.843,894655638.0
2014-12-01 00:00:00.005,1.933,1.918,1.963,1.915,980368036.0
2014-12-02 00:00:00.005,1.907,2.023,2.043,1.906,1191051842.0
2014-12-03 00:00:00.005,2.036,2.033,2.108,2.0,1222552336.0
2014-12-04 00:00:00.005,2.045,2.179,2.18,2.03,1111029115.0
2014-12-05 00:00:00.005,2.206,2.196,2.257,2.116,1602849599.0
2014-12-08 00:00:00.005,2.175,2.312,2.329,2.143,1216250843.0
2014-12-09 00:00:00.005,2.28,2.169,2.4,2.135,1590364544.0
2014-12-10 00:00:00.005,2.186,2.239,2.247,2.101,1596527452.0
2014-12-11 00:00:00.005,2.217,2.182,2.25,2.175,1232954233.0
2014-12-12 00:00:00.005,2.182,2.182,2.234,2.161,940356173.0
2014-12-15 00:00:00.005,2.177,2.184,2.195,2.124,945613283.0
2014-12-16 00:00:00.005,2.188,2.281,2.283,2.178,1329242849.0
2014-12-17 00:00:00.005,2.3,2.356,2.369,2.28,1350575467.0
2014-12-18 00:00:00.005,2.358,2.338,2.388,2.321,1114714044.0
2014-12-19 00:00:00.005,2.341,2.368,2.381,2.283,1303056415.0
2014-12-22 00:00:00.005,2.37,2.405,2.457,2.355,1410719886.0
2014-12-23 00:00:00.005,2.378,2.353,2.44,2.33,1031005576.0
2014-12-24 00:00:00.005,2.356,2.256,2.363,2.228,1231617394.0
2014-12-25 00:00:00.005,2.28,2.344,2.345,2.252,1077186153.0
2014-12-26 00:00:00.005,2.345,2.452,2.455,2.341,1376103377.0
2014-12-29 00:00:00.005,2.51,2.459,2.534,2.42,1497711852.0
2014-12-30 00:00:00.005,2.459,2.492,2.52,2.44,1853951164.0
2014-12-31 00:00:00.005,2.499,2.552,2.562,2.481,1718050960.0
2015-01-05 00:00:00.005,2.58,2.622,2.655,2.555,1596469294.0
2015-01-06 00:00:00.005,2.6,2.592,2.651,2.561,1556186768.0
2015-01-07 00:00:00.005,2.575,2.588,2.622,2.558,888796922.0
2015-01-08 00:00:00.005,2.599,2.518,2.61,2.51,793662491.0
2015-01-09 00:00:00.005,2.51,2.524,2.644,2.496,1156150490.0
2015-01-12 00:00:00.005,2.553,2.5,2.555,2.458,1514645300.0
2015-01-13 00:00:00.005,2.5,2.485,2.524,2.471,853799896.0
2015-01-14 00:00:00.005,2.495,2.494,2.53,2.466,1207694509.0
2015-01-15 00:00:00.005,2.494,2.586,2.59,2.475,1940225880.0
2015-01-16 00:00:00.005,2.598,2.604,2.634,2.581,1693215256.0
2015-01-19 00:00:00.005,2.43,2.344,2.465,2.344,1800415951.0
2015-01-20 00:00:00.005,2.341,2.361,2.4,2.316,1838117079.0
2015-01-21 00:00:00.005,2.386,2.503,2.517,2.372,1644295661.0
2015-01-22 00:00:00.005,2.51,2.499,2.515,2.462,1653108866.0
2015-01-23 00:00:00.005,2.514,2.524,2.569,2.499,1946775068.0
2015-01-26 00:00:00.005,2.531,2.519,2.531,2.485,1096595047.0
2015-01-27 00:00:00.005,2.529,2.478,2.532,2.436,1388384690.0
2015-01-28 00:00:00.005,2.452,2.442,2.493,2.435,1416961658.0
2015-01-29 00:00:00.005,2.403,2.4,2.422,2.379,979790731.0
2015-01-30 00:00:00.005,2.415,2.367,2.433,2.358,1143491616.0
2015-02-02 00:00:00.005,2.301,2.299,2.342,2.293,1176367767.0
2015-02-03 00:00:00.005,2.329,2.367,2.378,2.3,1235914923.0
2015-02-04 00:00:00.005,2.375,2.334,2.404,2.331,1244132380.0
2015-02-05 00:00:00.005,2.42,2.316,2.426,2.313,1549460973.0
2015-02-06 00:00:00.005,2.311,2.291,2.333,2.27,1463378003.0
2015-02-09 00:00:00.005,2.291,2.331,2.359,2.28,1639267497.0
2015-02-10 00:00:00.005,2.331,2.369,2.374,2.321,1404951511.0
2015-02-11 00:00:00.005,2.371,2.38,2.388,2.359,949834225.0
2015-02-12 00:00:00.005,2.379,2.384,2.391,2.351,728166821.0
2015-02-13 00:00:00.005,2.39,2.39,2.429,2.382,1073007399.0
2015-02-16 00:00:00.005,2.39,2.394,2.403,2.379,656174077.0
2015-02-17 00:00:00.005,2.401,2.411,2.429,2.401,707313830.0
2015-02-25 00:00:00.005,2.411,2.37,2.411,2.359,621418719.0
2015-02-26 00:00:00.005,2.368,2.45,2.452,2.348,1277919845.0
2015-02-27 00:00:00.005,2.447,2.438,2.465,2.428,864907571.0
2015-03-02 00:00:00.005,2.456,2.441,2.46,2.424,1123464267.0
2015-03-03 00:00:00.005,2.427,2.364,2.427,2.36,1090539795.0
2015-03-04 00:00:00.005,2.368,2.362,2.381,2.342,1077661313.0
2015-03-05 00:00:00.005,2.345,2.334,2.351,2.312,1168613198.0
2015-03-06 00:00:00.005,2.335,2.339,2.361,2.333,1273296602.0
2015-03-09 00:00:00.005,2.3,2.397,2.41,2.289,1616493725.0
2015-03-10 00:00:00.005,2.381,2.359,2.389,2.355,1140339299.0
2015-03-11 00:00:00.005,2.363,2.374,2.41,2.362,1076556763.0
2015-03-12 00:00:00.005,2.404,2.448,2.472,2.388,1531205838.0
2015-03-13 00:00:00.005,2.458,2.455,2.495,2.44,1220491331.0
2015-03-16 00:00:00.005,2.472,2.51,2.513,2.451,1159802140.0
2015-03-17 00:00:00.005,2.537,2.543,2.549,2.519,1000452162.0
2015-03-18 00:00:00.005,2.55,2.611,2.614,2.55,1140666857.0
2015-03-19 00:00:00.005,2.604,2.587,2.61,2.575,1269959953.0
2015-03-20 00:00:00.005,2.599,2.635,2.668,2.576,1194598645.0
2015-03-23 00:00:00.005,2.656,2.676,2.683,2.647,1015275976.0
2015-03-24 00:00:00.005,2.676,2.638,2.678,2.608,1194593514.0
2015-03-25 00:00:00.005,2.63,2.604,2.649,2.582,976579744.0
2015-03-26 00:00:00.005,2.59,2.643,2.673,2.577,1083022777.0
2015-03-27 00:00:00.005,2.65,2.649,2.673,2.621,696578915.0
2015-03-30 00:00:00.005,2.674,2.74,2.752,2.661,1211519148.0
2015-03-31 00:00:00.005,2.783,2.707,2.815,2.7,1151864801.0
2015-04-01 00:00:00.005,2.713,2.753,2.767,2.71,934389633.0
2015-04-02 00:00:00.005,2.78,2.739,2.784,2.704,767612102.0
2015-04-03 00:00:00.005,2.726,2.773,2.776,2.724,935870360.0
2015-04-07 00:00:00.005,2.799,2.842,2.847,2.788,1030475020.0
2015-04-08 00:00:00.005,2.855,2.898,2.911,2.83,1722049795.0
2015-04-09 00:00:00.005,2.911,2.877,2.978,2.867,1618281170.0
2015-04-10 00:00:00.005,2.878,2.936,2.948,2.867,1001361824.0
2015-04-13 00:00:00.005,2.99,2.991,3.009,2.965,1175705404.0
2015-04-14 00:00:00.005,2.991,2.999,3.024,2.966,1341788811.0
2015-04-15 00:00:00.005,2.999,3.011,3.078,2.987,1503258436.0
2015-04-16 00:00:00.005,3.023,3.145,3.147,2.982,3471117174.0
2015-04-17 00:00:00.005,3.24,3.185,3.246,3.157,3099213430.0
2015-04-20 00:00:00.005,3.203,3.103,3.232,3.09,3133739781.0
2015-04-21 00:00:00.005,3.11,3.141,3.15,3.079,1534753660.0
2015-04-22 00:00:00.005,3.171,3.241,3.248,3.147,3647140708.0
2015-04-23 00:00:00.005,3.25,3.212,3.256,3.185,1892025227.0
2015-04-24 00:00:00.005,3.172,3.171,3.192,3.103,1918718666.0
2015-04-27 00:00:00.005,3.203,3.255,3.26,3.195,1827485311.0
2015-04-28 00:00:00.005,3.25,3.228,3.307,3.199,2358123662.0
2015-04-29 00:00:00.005,3.22,3.22,3.246,3.187,1586207850.0
2015-04-30 00:00:00.005,3.235,3.198,3.249,3.196,960557350.0
2015-05-04 00:00:00.005,3.2,3.211,3.217,3.15,1167304106.0
2015-05-05 00:00:00.005,3.209,3.096,3.211,3.083,1510710824.0
2015-05-06 00:00:00.005,3.11,3.083,3.188,3.053,1761916625.0
2015-05-07 00:00:00.005,3.08,3.045,3.09,3.04,1534672932.0
2015-05-08 00:00:00.005,3.071,3.055,3.078,2.991,1442657665.0
2015-05-11 00:00:00.005,3.055,3.11,3.116,3.02,1374490608.0
2015-05-12 00:00:00.005,3.103,3.129,3.143,3.079,1461961355.0
2015-05-13 00:00:00.005,3.129,3.084,3.135,3.067,1261806545.0
2015-05-14 00:00:00.005,3.077,3.073,3.099,3.055,1329476309.0
2015-05-15 00:00:00.005,3.073,3.006,3.073,2.995,1837572236.0
2015-05-18 00:00:00.005,2.98,2.946,2.999,2.945,1329130043.0
2015-05-19 00:00:00.005,2.946,3.066,3.073,2.94,1743883058.0
2015-05-20 00:00:00.005,3.084,3.066,3.127,3.051,2436702131.0
2015-05-21 00:00:00.005,3.089,3.104,3.114,3.065,1062602526.0
2015-05-22 00:00:00.005,3.139,3.199,3.201,3.118,2373640443.0
2015-05-25 00:00:00.005,3.237,3.303,3.306,3.216,2330479075.0
2015-05-26 00:00:00.005,3.328,3.32,3.347,3.261,1877364393.0
2015-05-27 00:00:00.005,3.334,3.285,3.351,3.266,1903846280.0
2015-05-28 00:00:00.005,3.285,3.079,3.3,3.05,2265428565.0
2015-05-29 00:00:00.005,3.081,3.066,3.114,2.996,1868000702.0
2015-06-01 00:00:00.005,3.066,3.198,3.21,3.031,1419662839.0
2015-06-02 00:00:00.005,3.194,3.209,3.219,3.149,1234532815.0
2015-06-03 00:00:00.005,3.205,3.191,3.213,3.147,1000194214.0
2015-06-04 00:00:00.005,3.191,3.259,3.277,3.05,2103848737.0
2015-06-05 00:00:00.005,3.34,3.254,3.35,3.188,1866872359.0
2015-06-08 00:00:00.005,3.28,3.427,3.448,3.256,3245881053.0
2015-06-09 00:00:00.005,3.459,3.361,3.465,3.326,3311958534.0
2015-06-10 00:00:00.005,3.316,3.32,3.375,3.291,1744912899.0
2015-06-11 00:00:00.005,3.334,3.3,3.345,3.27,2217088590.0
2015-06-12 00:00:00.005,3.323,3.313,3.338,3.27,1725316156.0
2015-06-15 00:00:00.005,3.334,3.216,3.349,3.21,2842011110.0
2015-06-16 00:00:00.005,3.199,3.148,3.239,3.111,2500597276.0
2015-06-17 00:00:00.005,3.16,3.175,3.19,3.114,2449588993.0
2015-06-18 00:00:00.005,3.157,3.042,3.157,3.03,1553765358.0
2015-06-19 00:00:00.005,3.025,2.874,3.04,2.865,2122214821.0
2015-06-23 00:00:00.005,2.893,2.976,2.989,2.8,2573711425.0
2015-06-24 00:00:00.005,2.99,3.018,3.03,2.92,2269673751.0
2015-06-25 00:00:00.005,3.048,2.919,3.06,2.906,2239861306.0
2015-06-26 00:00:00.005,2.86,2.686,2.931,2.635,4091997209.0
2015-06-29 00:00:00.005,2.772,2.66,2.799,2.481,7737937085.0
2015-06-30 00:00:00.005,2.66,2.851,2.855,2.601,6802366362.0
2015-07-01 00:00:00.005,2.81,2.728,2.85,2.689,4433403139.0
2015-07-02 00:00:00.005,2.79,2.684,2.793,2.58,5865295181.0
2015-07-03 00:00:00.005,2.657,2.579,2.728,2.5,4464872090.0
2015-07-06 00:00:00.005,2.837,2.742,2.837,2.635,9146831430.0
2015-07-07 00:00:00.005,2.682,2.79,2.82,2.607,6650103182.0
2015-07-08 00:00:00.005,2.6,2.604,2.757,2.511,7054986215.0
2015-07-09 00:00:00.005,2.529,2.792,2.856,2.477,3893441316.0
2015-07-10 00:00:00.005,2.736,2.905,3.01,2.71,4152573356.0
2015-07-13 00:00:00.005,2.84,2.862,2.949,2.795,2921906077.0
2015-07-14 00:00:00.005,2.805,2.762,2.839,2.716,2216741508.0
2015-07-15 00:00:00.005,2.731,2.749,2.777,2.665,2962960292.0
2015-07-16 00:00:00.005,2.75,2.74,2.778,2.7,2330590973.0
2015-07-17 00:00:00.005,2.756,2.803,2.835,2.722,1791239971.0
2015-07-20 00:00:00.005,2.794,2.777,2.812,2.758,1369040808.0
2015-07-21 00:00:00.005,2.731,2.768,2.8,2.731,1021324858.0
2015-07-22 00:00:00.005,2.755,2.737,2.77,2.72,854165037.0
2015-07-23 00:00:00.005,2.737,2.794,2.796,2.737,1337961149.0
2015-07-24 00:00:00.005,2.791,2.745,2.805,2.734,1092095260.0
2015-07-27 00:00:00.005,2.721,2.494,2.722,2.49,1379427033.0
2015-07-28 00:00:00.005,2.444,2.484,2.531,2.406,2612182112.0
2015-07-29 00:00:00.005,2.5,2.534,2.54,2.462,1093043657.0
2015-07-30 00:00:00.005,2.524,2.469,2.548,2.46,908665332.0
2015-07-31 00:00:00.005,2.46,2.462,2.496,2.436,926730220.0
2015-08-03 00:00:00.005,2.44,2.478,2.479,2.42,728000383.0
2015-08-04 00:00:00.005,2.488,2.54,2.542,2.467,689233513.0
2015-08-05 00:00:00.005,2.529,2.491,2.535,2.489,647448227.0
2015-08-06 00:00:00.005,2.466,2.471,2.508,2.451,654783856.0
2015-08-07 00:00:00.005,2.492,2.504,2.522,2.48,702485353.0
2015-08-10 00:00:00.005,2.522,2.616,2.63,2.515,703324932.0
2015-08-11 00:00:00.005,2.618,2.59,2.619,2.577,458023743.0
2015-08-12 00:00:00.005,2.568,2.564,2.6,2.556,547843084.0
2015-08-13 00:00:00.005,2.561,2.576,2.585,2.523,661136267.0
2015-08-14 00:00:00.005,2.585,2.575,2.591,2.564,561500764.0
2015-08-17 00:00:00.005,2.56,2.548,2.561,2.524,483713502.0
2015-08-18 00:00:00.005,2.55,2.41,2.571,2.39,857814723.0
2015-08-19 00:00:00.005,2.397,2.427,2.44,2.328,1451342721.0
2015-08-20 00:00:00.005,2.401,2.361,2.42,2.36,701199353.0
2015-08-21 00:00:00.005,2.333,2.274,2.362,2.267,1020528200.0
2015-08-24 00:00:00.005,2.216,2.047,2.216,2.047,1018573348.0
2015-08-25 00:00:00.005,1.942,1.886,2.05,1.869,1963701298.0
2015-08-26 00:00:00.005,1.939,1.946,2.034,1.879,2464277299.0
2015-08-27 00:00:00.005,1.998,2.11,2.12,1.962,1705422463.0
2015-08-28 00:00:00.005,2.14,2.168,2.174,2.097,1788365928.0
2015-08-31 00:00:00.005,2.137,2.209,2.213,2.076,1253607608.0
2015-09-01 00:00:00.005,2.152,2.228,2.244,2.103,1786786123.0
2015-09-02 00:00:00.005,2.145,2.236,2.247,2.142,1775174081.0
2015-09-07 00:00:00.005,2.216,2.14,2.255,2.133,701801843.0
2015-09-08 00:00:00.005,2.12,2.177,2.188,2.085,882662692.0
2015-09-09 00:00:00.005,2.197,2.209,2.228,2.178,777486572.0
2015-09-10 00:00:00.005,2.182,2.206,2.219,2.178,638374500.0
2015-09-11 00:00:00.005,2.205,2.193,2.22,2.184,420897876.0
2015-09-14 00:00:00.005,2.21,2.223,2.225,2.122,868275393.0
2015-09-15 00:00:00.005,2.18,2.167,2.189,2.146,742104918.0
2015-09-16 00:00:00.005,2.169,2.242,2.285,2.143,623954083.0
2015-09-17 00:00:00.005,2.222,2.198,2.259,2.196,723452278.0
2015-09-18 00:00:00.005,2.21,2.198,2.225,2.191,498441689.0
2015-09-21 00:00:00.005,2.19,2.212,2.221,2.178,305409230.0
2015-09-22 00:00:00.005,2.21,2.237,2.259,2.21,415724837.0
2015-09-23 00:00:00.005,2.194,2.18,2.22,2.177,290194892.0
2015-09-24 00:00:00.005,2.192,2.187,2.199,2.172,176907290.0
2015-09-25 00:00:00.005,2.184,2.171,2.187,2.145,273127698.0
2015-09-28 00:00:00.005,2.168,2.174,2.18,2.147,157721579.0
2015-09-29 00:00:00.005,2.152,2.127,2.154,2.119,123856695.0
2015-09-30 00:00:00.005,2.139,2.147,2.169,2.138,111796125.0
2015-10-08 00:00:00.005,2.241,2.196,2.243,2.193,183101777.0
2015-10-09 00:00:00.005,2.205,2.221,2.228,2.198,179145905.0
2015-10-12 00:00:00.005,2.235,2.288,2.317,2.226,291580973.0
2015-10-13 00:00:00.005,2.267,2.279,2.285,2.266,257545180.0
2015-10-14 00:00:00.005,2.263,2.258,2.288,2.256,188263659.0
2015-10-15 00:00:00.005,2.261,2.304,2.307,2.254,304426199.0
2015-10-16 00:00:00.005,2.31,2.322,2.333,2.306,344854039.0
2015-10-19 00:00:00.005,2.323,2.32,2.345,2.298,286968403.0
2015-10-20 00:00:00.005,2.313,2.341,2.343,2.3,231423504.0
2015-10-21 00:00:00.005,2.337,2.32,2.368,2.271,448090921.0
2015-10-22 00:00:00.005,2.325,2.333,2.338,2.3,320496797.0
2015-10-23 00:00:00.005,2.337,2.35,2.355,2.32,281692775.0
2015-10-26 00:00:00.005,2.38,2.35,2.385,2.331,318977852.0
2015-10-27 00:00:00.005,2.338,2.348,2.36,2.303,368848808.0
2015-10-28 00:00:00.005,2.338,2.308,2.341,2.305,335176291.0
2015-10-29 00:00:00.005,2.312,2.311,2.324,2.295,221076833.0
2015-10-30 00:00:00.005,2.305,2.31,2.336,2.298,229814572.0
2015-11-02 00:00:00.005,2.291,2.283,2.314,2.281,233551516.0
2015-11-03 00:00:00.005,2.288,2.272,2.297,2.264,224054769.0
2015-11-04 00:00:00.005,2.277,2.386,2.389,2.277,624206862.0
2015-11-05 00:00:00.005,2.375,2.445,2.515,2.369,798096127.0
2015-11-06 00:00:00.005,2.441,2.499,2.506,2.422,537688923.0
2015-11-09 00:00:00.005,2.5,2.532,2.589,2.497,712933575.0
2015-11-10 00:00:00.005,2.511,2.521,2.554,2.5,400171016.0
2015-11-11 00:00:00.005,2.517,2.504,2.521,2.468,355086714.0
2015-11-12 00:00:00.005,2.51,2.47,2.516,2.461,271888470.0
2015-11-13 00:00:00.005,2.45,2.444,2.477,2.438,281752116.0
2015-11-16 00:00:00.005,2.404,2.449,2.454,2.403,212102856.0
2015-11-17 00:00:00.005,2.46,2.45,2.512,2.445,347478520.0
2015-11-18 00:00:00.005,2.451,2.438,2.47,2.431,262823487.0
2015-11-19 00:00:00.005,2.441,2.471,2.475,2.434,248218236.0
2015-11-20 00:00:00.005,2.469,2.459,2.48,2.453,239285711.0
2015-11-23 00:00:00.005,2.458,2.45,2.481,2.42,227301916.0
2015-11-24 00:00:00.005,2.445,2.444,2.445,2.417,249898560.0
2015-11-25 00:00:00.005,2.435,2.454,2.459,2.423,390308921.0
2015-11-26 00:00:00.005,2.47,2.447,2.478,2.443,290801550.0
2015-11-27 00:00:00.005,2.435,2.318,2.439,2.296,490673883.0
2015-11-30 00:00:00.005,2.326,2.329,2.345,2.285,354508666.0
2015-12-01 00:00:00.005,2.33,2.339,2.367,2.309,287561554.0
2015-12-02 00:00:00.005,2.335,2.462,2.468,2.332,657511692.0
2015-12-03 00:00:00.005,2.452,2.46,2.476,2.421,493260653.0
2015-12-04 00:00:00.005,2.434,2.398,2.443,2.387,390429828.0
2015-12-07 00:00:00.005,2.397,2.39,2.411,2.376,287467602.0
2015-12-08 00:00:00.005,2.375,2.366,2.39,2.351,340155076.0
2015-12-09 00:00:00.005,2.361,2.369,2.386,2.353,317773996.0
2015-12-10 00:00:00.005,2.372,2.355,2.405,2.347,314261947.0
2015-12-11 00:00:00.005,2.342,2.344,2.358,2.321,249044091.0
2015-12-14 00:00:00.005,2.323,2.415,2.42,2.319,371982384.0
2015-12-15 00:00:00.005,2.403,2.382,2.409,2.369,314791124.0
2015-12-16 00:00:00.005,2.386,2.372,2.394,2.366,242253109.0
2015-12-17 00:00:00.005,2.384,2.401,2.425,2.383,380695994.0
2015-12-18 00:00:00.005,2.396,2.422,2.458,2.393,461902335.0
2015-12-21 00:00:00.005,2.407,2.499,2.511,2.405,668957913.0
2015-12-22 00:00:00.005,2.496,2.49,2.503,2.472,316366194.0
2015-12-23 00:00:00.005,2.49,2.499,2.545,2.485,710997179.0
2015-12-24 00:00:00.005,2.496,2.478,2.499,2.45,387187062.0
2015-12-25 00:00:00.005,2.48,2.486,2.493,2.47,173585789.0
2015-12-28 00:00:00.005,2.487,2.412,2.495,2.408,274040618.0
2015-12-29 00:00:00.005,2.411,2.432,2.434,2.406,296946284.0
2015-12-30 00:00:00.005,2.433,2.424,2.434,2.395,275357090.0
2015-12-31 00:00:00.005,2.418,2.416,2.434,2.405,345872070.0
2016-01-04 00:00:00.005,2.411,2.278,2.413,2.271,298546954.0
2016-01-05 00:00:00.005,2.26,2.286,2.311,2.23,645699581.0
2016-01-06 00:00:00.005,2.29,2.317,2.32,2.275,400953404.0
2016-01-07 00:00:00.005,2.286,2.177,2.286,2.165,89166922.0
2016-01-08 00:00:00.005,2.236,2.219,2.259,2.156,576676937.0
2016-01-11 00:00:00.005,2.18,2.125,2.204,2.123,633230858.0
2016-01-12 00:00:00.005,2.14,2.131,2.155,2.117,451803541.0
2016-01-13 00:00:00.005,2.153,2.112,2.165,2.11,563080756.0
2016-01-14 00:00:00.005,2.075,2.131,2.139,2.06,624115975.0
2016-01-15 00:00:00.005,2.12,2.07,2.131,2.06,507111375.0
2016-01-18 00:00:00.005,2.04,2.07,2.096,2.037,389406901.0
2016-01-19 00:00:00.005,2.07,2.13,2.142,2.061,515872548.0
2016-01-20 00:00:00.005,2.117,2.091,2.125,2.072,349411875.0
2016-01-21 00:00:00.005,2.075,2.043,2.117,2.04,343825998.0
2016-01-22 00:00:00.005,2.065,2.067,2.079,2.031,358331812.0
2016-01-25 00:00:00.005,2.07,2.065,2.078,2.054,197192852.0
2016-01-26 00:00:00.005,2.052,1.958,2.056,1.95,416763728.0
2016-01-27 00:00:00.005,1.965,1.957,1.975,1.918,516637644.0
2016-01-28 00:00:00.005,1.943,1.915,1.968,1.906,388943665.0
2016-01-29 00:00:00.005,1.918,1.975,1.995,1.918,429217325.0
2016-02-01 00:00:00.005,1.974,1.942,1.977,1.925,216456617.0
2016-02-02 00:00:00.005,1.942,1.975,1.983,1.939,259086186.0
2016-02-03 00:00:00.005,1.955,1.953,1.962,1.932,240273015.0
2016-02-04 00:00:00.005,1.964,1.978,1.985,1.96,294364765.0
2016-02-05 00:00:00.005,1.977,1.968,1.982,1.965,278307394.0
2016-02-15 00:00:00.005,1.925,1.949,1.959,1.919,245871952.0
2016-02-16 00:00:00.005,1.956,2.001,2.006,1.955,293769854.0
2016-02-17 00:00:00.005,1.999,2.013,2.021,1.995,271890595.0
2016-02-18 00:00:00.005,2.023,2.011,2.035,2.008,210138456.0
2016-02-19 00:00:00.005,2.008,2.006,2.016,1.994,202912967.0
2016-02-22 00:00:00.005,2.024,2.054,2.065,2.015,394641326.0
2016-02-23 00:00:00.005,2.052,2.03,2.053,2.016,223368980.0
2016-02-24 00:00:00.005,2.024,2.039,2.043,2.009,296172079.0
2016-02-25 00:00:00.005,2.033,1.936,2.036,1.914,376139340.0
2016-02-26 00:00:00.005,1.946,1.956,1.966,1.93,419162219.0
2016-02-29 00:00:00.005,1.947,1.937,1.955,1.89,424698981.0
2016-03-01 00:00:00.005,1.94,1.971,1.991,1.929,340261379.0
2016-03-02 00:00:00.005,1.974,2.049,2.056,1.974,437368583.0
2016-03-03 00:00:00.005,2.044,2.053,2.061,2.035,345658049.0
2016-03-04 00:00:00.005,2.046,2.122,2.13,2.04,655095784.0
2016-03-07 00:00:00.005,2.12,2.111,2.14,2.096,432579216.0
2016-03-08 00:00:00.005,2.104,2.115,2.117,2.035,421433999.0
2016-03-09 00:00:00.005,2.072,2.107,2.11,2.052,451953645.0
2016-03-10 00:00:00.005,2.084,2.059,2.106,2.055,296200933.0
2016-03-11 00:00:00.005,2.042,2.066,2.071,2.039,346669113.0
2016-03-14 00:00:00.005,2.081,2.076,2.12,2.072,326317038.0
2016-03-15 00:00:00.005,2.075,2.098,2.104,2.055,411197497.0
2016-03-16 00:00:00.005,2.085,2.135,2.141,2.082,494151582.0
2016-03-17 00:00:00.005,2.131,2.132,2.159,2.111,381997732.0
2016-03-18 00:00:00.005,2.135,2.14,2.167,2.131,537871058.0
2016-03-21 00:00:00.005,2.16,2.192,2.215,2.154,706321192.0
2016-03-22 00:00:00.005,2.185,2.169,2.193,2.165,433733013.0
2016-03-23 00:00:00.005,2.164,2.171,2.186,2.154,592352819.0
2016-03-24 00:00:00.005,2.161,2.14,2.161,2.136,339085623.0
2016-03-25 00:00:00.005,2.138,2.145,2.157,2.135,395244752.0
2016-03-28 00:00:00.005,2.152,2.121,2.168,2.117,329248197.0
2016-03-29 00:00:00.005,2.125,2.104,2.136,2.098,402609267.0
2016-03-30 00:00:00.005,2.121,2.158,2.162,2.121,351645265.0
2016-03-31 00:00:00.005,2.164,2.156,2.171,2.146,246207741.0
2016-04-01 00:00:00.005,2.152,2.165,2.166,2.116,346769746.0
2016-04-05 00:00:00.005,2.152,2.175,2.189,2.146,403300688.0
2016-04-06 00:00:00.005,2.168,2.165,2.175,2.157,219331555.0
2016-04-07 00:00:00.005,2.17,2.139,2.177,2.136,235002920.0
2016-04-08 00:00:00.005,2.128,2.124,2.134,2.112,271361824.0
2016-04-11 00:00:00.005,2.139,2.144,2.166,2.139,288228854.0
2016-04-12 00:00:00.005,2.144,2.142,2.149,2.133,177404765.0
2016-04-13 00:00:00.005,2.154,2.168,2.197,2.154,548035317.0
2016-04-14 00:00:00.005,2.179,2.174,2.19,2.164,306183070.0
2016-04-15 00:00:00.005,2.178,2.178,2.186,2.17,305096392.0
2016-04-18 00:00:00.005,2.163,2.154,2.171,2.15,219177180.0
2016-04-19 00:00:00.005,2.167,2.161,2.17,2.153,205869478.0
2016-04-20 00:00:00.005,2.164,2.148,2.169,2.093,575360042.0
2016-04-21 00:00:00.005,2.134,2.146,2.169,2.129,349057916.0
2016-04-22 00:00:00.005,2.133,2.156,2.159,2.121,248758155.0
2016-04-25 00:00:00.005,2.149,2.145,2.154,2.12,189835204.0
2016-04-26 00:00:00.005,2.143,2.152,2.163,2.137,174927164.0
2016-04-27 00:00:00.005,2.153,2.144,2.156,2.14,148227240.0
2016-04-28 00:00:00.005,2.145,2.142,2.154,2.131,171732075.0
2016-04-29 00:00:00.005,2.133,2.135,2.144,2.132,124887542.0
2016-05-03 00:00:00.005,2.137,2.159,2.168,2.127,252815104.0
2016-05-04 00:00:00.005,2.152,2.153,2.158,2.145,124427747.0
2016-05-05 00:00:00.005,2.145,2.151,2.152,2.143,103110856.0
2016-05-06 00:00:00.005,2.151,2.103,2.153,2.1,265843731.0
2016-05-09 00:00:00.005,2.097,2.071,2.101,2.064,344292467.0
2016-05-10 00:00:00.005,2.067,2.07,2.083,2.064,156035320.0
2016-05-11 00:00:00.005,2.076,2.077,2.09,2.067,144101041.0
2016-05-12 00:00:00.005,2.069,2.083,2.089,2.056,133679631.0
2016-05-13 00:00:00.005,2.07,2.079,2.089,2.07,94126303.0
2016-05-16 00:00:00.005,2.068,2.081,2.085,2.062,126102017.0
2016-05-17 00:00:00.005,2.082,2.077,2.087,2.069,109150570.0
2016-05-18 00:00:00.005,2.07,2.078,2.083,2.052,318851717.0
2016-05-19 00:00:00.005,2.071,2.072,2.085,2.069,82786196.0
2016-05-20 00:00:00.005,2.065,2.083,2.084,2.065,94632282.0
2016-05-23 00:00:00.005,2.084,2.084,2.099,2.079,120606156.0
2016-05-24 00:00:00.005,2.081,2.069,2.081,2.066,174428210.0
2016-05-25 00:00:00.005,2.076,2.074,2.085,2.071,118205792.0
2016-05-26 00:00:00.005,2.076,2.074,2.086,2.062,115116920.0
2016-05-27 00:00:00.005,2.075,2.078,2.084,2.07,112454974.0
2016-05-30 00:00:00.005,2.076,2.089,2.094,2.065,159108771.0
2016-05-31 00:00:00.005,2.091,2.16,2.161,2.091,584239517.0
2016-06-01 00:00:00.005,2.16,2.142,2.162,2.142,262548490.0
2016-06-02 00:00:00.005,2.14,2.14,2.149,2.131,148701134.0
2016-06-03 00:00:00.005,2.142,2.154,2.158,2.137,208039504.0
2016-06-06 00:00:00.005,2.154,2.141,2.158,2.137,135163776.0
2016-06-07 00:00:00.005,2.145,2.143,2.15,2.14,118207693.0
2016-06-08 00:00:00.005,2.143,2.139,2.146,2.13,91726477.0
2016-06-13 00:00:00.005,2.123,2.088,2.126,2.087,254758277.0
2016-06-14 00:00:00.005,2.087,2.101,2.104,2.086,123424265.0
2016-06-15 00:00:00.005,2.08,2.109,2.122,2.077,202855697.0
2016-06-16 00:00:00.005,2.1,2.102,2.11,2.097,124370440.0
2016-06-17 00:00:00.005,2.107,2.109,2.125,2.106,216651097.0
2016-06-20 00:00:00.005,2.115,2.114,2.118,2.102,121297514.0
2016-06-21 00:00:00.005,2.119,2.112,2.141,2.11,161171861.0
2016-06-22 00:00:00.005,2.11,2.124,2.126,2.106,174876612.0
2016-06-23 00:00:00.005,2.126,2.116,2.127,2.107,100064600.0
2016-06-24 00:00:00.005,2.113,2.09,2.127,2.068,213853383.0
2016-06-27 00:00:00.005,2.09,2.111,2.112,2.087,194311660.0
2016-06-28 00:00:00.005,2.106,2.117,2.119,2.098,144945186.0
2016-06-29 00:00:00.005,2.119,2.135,2.138,2.119,190564491.0
2016-06-30 00:00:00.005,2.14,2.136,2.146,2.136,125497025.0
2016-07-01 00:00:00.005,2.142,2.142,2.149,2.141,114436179.0
2016-07-04 00:00:00.005,2.141,2.177,2.186,2.137,205683019.0
2016-07-05 00:00:00.005,2.175,2.185,2.193,2.175,172952348.0
2016-07-06 00:00:00.005,2.177,2.184,2.186,2.167,166427832.0
2016-07-07 00:00:00.005,2.182,2.189,2.196,2.174,119414625.0
2016-07-08 00:00:00.005,2.184,2.177,2.187,2.176,98380157.0
2016-07-11 00:00:00.005,2.181,2.188,2.208,2.181,132129313.0
2016-07-12 00:00:00.005,2.188,2.233,2.235,2.188,294052810.0
2016-07-13 00:00:00.005,2.237,2.236,2.266,2.233,476477733.0
2016-07-14 00:00:00.005,2.237,2.233,2.239,2.22,247353186.0
2016-07-15 00:00:00.005,2.235,2.236,2.242,2.227,304761437.0
2016-07-18 00:00:00.005,2.235,2.228,2.247,2.227,219094505.0
2016-07-19 00:00:00.005,2.226,2.216,2.235,2.205,197132024.0
2016-07-20 00:00:00.005,2.216,2.209,2.222,2.207,131993350.0
2016-07-21 00:00:00.005,2.211,2.22,2.228,2.211,142953110.0
2016-07-22 00:00:00.005,2.218,2.2,2.222,2.199,101770091.0
2016-07-25 00:00:00.005,2.199,2.201,2.21,2.197,100801794.0
2016-07-26 00:00:00.005,2.201,2.227,2.229,2.197,191455033.0
2016-07-27 00:00:00.005,2.228,2.215,2.232,2.172,292617112.0
2016-07-28 00:00:00.005,2.203,2.211,2.218,2.193,123521600.0
2016-07-29 00:00:00.005,2.209,2.201,2.212,2.195,85580840.0
2016-08-01 00:00:00.005,2.199,2.19,2.2,2.182,145176921.0
2016-08-02 00:00:00.005,2.191,2.19,2.198,2.182,87779501.0
2016-08-03 00:00:00.005,2.188,2.188,2.193,2.181,90183485.0
2016-08-04 00:00:00.005,2.187,2.186,2.189,2.172,99411400.0
2016-08-05 00:00:00.005,2.186,2.195,2.205,2.181,111299603.0
2016-08-08 00:00:00.005,2.196,2.204,2.206,2.185,88039430.0
2016-08-09 00:00:00.005,2.201,2.221,2.223,2.201,111826852.0
2016-08-10 00:00:00.005,2.222,2.216,2.223,2.213,133866547.0
2016-08-11 00:00:00.005,2.216,2.223,2.256,2.212,262615365.0
2016-08-12 00:00:00.005,2.223,2.272,2.273,2.222,297461695.0
2016-08-15 00:00:00.005,2.276,2.336,2.368,2.273,541252737.0
2016-08-16 00:00:00.005,2.34,2.306,2.352,2.304,525962460.0
2016-08-17 00:00:00.005,2.308,2.3,2.321,2.291,231496983.0
2016-08-18 00:00:00.005,2.301,2.29,2.322,2.283,228985110.0
2016-08-19 00:00:00.005,2.289,2.301,2.305,2.281,155968567.0
2016-08-22 00:00:00.005,2.3,2.287,2.304,2.283,150054174.0
2016-08-23 00:00:00.005,2.288,2.29,2.307,2.282,234044705.0
2016-08-24 00:00:00.005,2.292,2.28,2.301,2.274,209121600.0
2016-08-25 00:00:00.005,2.275,2.269,2.275,2.254,186907855.0
2016-08-26 00:00:00.005,2.272,2.267,2.282,2.265,154901802.0
2016-08-29 00:00:00.005,2.267,2.265,2.269,2.254,119658902.0
2016-08-30 00:00:00.005,2.266,2.276,2.282,2.266,148651762.0
2016-08-31 00:00:00.005,2.275,2.284,2.289,2.27,194218899.0
2016-09-01 00:00:00.005,2.284,2.268,2.286,2.267,133114876.0
2016-09-02 00:00:00.005,2.268,2.279,2.28,2.265,171101501.0
2016-09-05 00:00:00.005,2.281,2.28,2.296,2.278,171372220.0
2016-09-06 00:00:00.005,2.28,2.286,2.295,2.267,169287934.0
2016-09-07 00:00:00.005,2.286,2.29,2.3,2.285,293816118.0
2016-09-08 00:00:00.005,2.287,2.29,2.292,2.284,119199492.0
2016-09-09 00:00:00.005,2.288,2.28,2.293,2.275,108119678.0
2016-09-12 00:00:00.005,2.247,2.25,2.255,2.23,345482671.0
2016-09-13 00:00:00.005,2.248,2.242,2.25,2.238,142401487.0
2016-09-14 00:00:00.005,2.234,2.229,2.238,2.225,150699821.0
2016-09-19 00:00:00.005,2.229,2.242,2.245,2.228,106391138.0
2016-09-20 00:00:00.005,2.241,2.239,2.243,2.234,80457042.0
2016-09-21 00:00:00.005,2.237,2.243,2.245,2.236,110712222.0
2016-09-22 00:00:00.005,2.249,2.255,2.266,2.248,140573426.0
2016-09-23 00:00:00.005,2.255,2.249,2.258,2.248,104278049.0
2016-09-26 00:00:00.005,2.245,2.222,2.246,2.22,217005517.0
2016-09-27 00:00:00.005,2.22,2.229,2.234,2.219,98802948.0
2016-09-28 00:00:00.005,2.231,2.219,2.232,2.218,119564736.0
2016-09-29 00:00:00.005,2.224,2.23,2.239,2.224,101006407.0
2016-09-30 00:00:00.005,2.225,2.235,2.238,2.225,127490513.0
2016-10-10 00:00:00.005,2.246,2.262,2.267,2.243,114135834.0
2016-10-11 00:00:00.005,2.262,2.265,2.268,2.258,133111593.0
2016-10-12 00:00:00.005,2.26,2.257,2.261,2.254,103010776.0
2016-10-13 00:00:00.005,2.254,2.257,2.263,2.254,78409711.0
2016-10-14 00:00:00.005,2.257,2.266,2.271,2.251,114417097.0
2016-10-17 00:00:00.005,2.269,2.25,2.269,2.246,121543726.0
2016-10-18 00:00:00.005,2.247,2.282,2.284,2.246,168908806.0
2016-10-19 00:00:00.005,2.282,2.279,2.288,2.276,110999220.0
2016-10-20 00:00:00.005,2.278,2.28,2.285,2.276,103505157.0
2016-10-21 00:00:00.005,2.28,2.295,2.302,2.275,177779758.0
2016-10-24 00:00:00.005,2.294,2.324,2.343,2.294,389317813.0
2016-10-25 00:00:00.005,2.325,2.319,2.328,2.315,246338165.0
2016-10-26 00:00:00.005,2.319,2.311,2.322,2.309,193467973.0
2016-10-27 00:00:00.005,2.31,2.305,2.311,2.3,173905425.0
2016-10-28 00:00:00.005,2.305,2.307,2.329,2.305,302805617.0
2016-10-31 00:00:00.005,2.306,2.305,2.307,2.289,124029244.0
2016-11-01 00:00:00.005,2.304,2.316,2.316,2.301,139990634.0
2016-11-02 00:00:00.005,2.311,2.3,2.312,2.298,145924960.0
2016-11-03 00:00:00.005,2.297,2.327,2.339,2.294,259471220.0
2016-11-04 00:00:00.005,2.325,2.324,2.339,2.321,131030535.0
2016-11-07 00:00:00.005,2.324,2.33,2.334,2.321,94344316.0
2016-11-08 00:00:00.005,2.336,2.338,2.351,2.33,145871821.0
2016-11-09 00:00:00.005,2.337,2.32,2.337,2.299,262233854.0
2016-11-10 00:00:00.005,2.332,2.344,2.351,2.332,174295884.0
2016-11-11 00:00:00.005,2.339,2.363,2.371,2.337,359148592.0
2016-11-14 00:00:00.005,2.358,2.374,2.395,2.356,328432167.0
2016-11-15 00:00:00.005,2.37,2.366,2.374,2.361,133944667.0
2016-11-16 00:00:00.005,2.367,2.361,2.37,2.358,134915821.0
2016-11-17 00:00:00.005,2.36,2.369,2.37,2.35,125276010.0
2016-11-18 00:00:00.005,2.37,2.363,2.378,2.358,143797100.0
2016-11-21 00:00:00.005,2.359,2.39,2.406,2.359,317160310.0
2016-11-22 00:00:00.005,2.388,2.408,2.412,2.387,266951309.0
2016-11-23 00:00:00.005,2.409,2.415,2.431,2.404,215415497.0
2016-11-24 00:00:00.005,2.411,2.425,2.436,2.409,214452869.0
2016-11-25 00:00:00.005,2.425,2.451,2.453,2.41,279737507.0
2016-11-28 00:00:00.005,2.46,2.46,2.485,2.455,269426311.0
2016-11-29 00:00:00.005,2.403,2.446,2.459,2.396,343098193.0
2016-11-30 00:00:00.005,2.439,2.419,2.449,2.411,557195963.0
2016-12-01 00:00:00.005,2.424,2.433,2.45,2.418,345810322.0
2016-12-02 00:00:00.005,2.432,2.416,2.433,2.403,359834282.0
2016-12-05 00:00:00.005,2.392,2.373,2.393,2.364,455702257.0
2016-12-06 00:00:00.005,2.372,2.368,2.383,2.367,203386391.0
2016-12-07 00:00:00.005,2.368,2.375,2.376,2.361,210462691.0
2016-12-08 00:00:00.005,2.379,2.38,2.388,2.375,230304569.0
2016-12-09 00:00:00.005,2.378,2.413,2.421,2.372,362651828.0
2016-12-12 00:00:00.005,2.412,2.386,2.426,2.366,593485909.0
2016-12-13 00:00:00.005,2.377,2.371,2.382,2.36,347867203.0
2016-12-14 00:00:00.005,2.372,2.36,2.385,2.359,254149755.0
2016-12-15 00:00:00.005,2.353,2.308,2.355,2.273,408180364.0
2016-12-16 00:00:00.005,2.307,2.301,2.317,2.3,206936020.0
2016-12-19 00:00:00.005,2.299,2.293,2.305,2.288,202730064.0
2016-12-20 00:00:00.005,2.293,2.281,2.296,2.263,218108204.0
2016-12-21 00:00:00.005,2.284,2.298,2.307,2.284,328875026.0
2016-12-22 00:00:00.005,2.297,2.292,2.299,2.282,129338051.0
2016-12-23 00:00:00.005,2.29,2.279,2.293,2.273,158992561.0
2016-12-26 00:00:00.005,2.266,2.298,2.301,2.256,300514373.0
2016-12-27 00:00:00.005,2.297,2.289,2.304,2.287,182939286.0
2016-12-28 00:00:00.005,2.287,2.278,2.293,2.272,213765194.0
2016-12-29 00:00:00.005,2.275,2.278,2.287,2.268,214242165.0
2016-12-30 00:00:00.005,2.277,2.287,2.29,2.276,238642744.0
